package,module,source,output,reference,generic_before,generic_after,renamed_symbols,syntax_ok,bytecode_equal,encoding_ok,newline_ok,mode
core,mir2.cfg.piaoxue,D:\loym2\白猪G2.5 0518离线[必须更新]\dec\core_dec_还原\mir2.cfg.piaoxue,D:\loym2\白猪G2.5_0518_lua_plain_readable_20260710_014719\core\mir2.cfg.piaoxue.lua,,47,0,12,True,True,True,True,function-local-readable+method-sugar
core,mir2.scenes.main.common.AlertBar,D:\loym2\白猪G2.5 0518离线[必须更新]\dec\core_dec_还原\mir2.scenes.main.common.AlertBar,D:\loym2\白猪G2.5_0518_lua_plain_readable_20260710_014719\core\mir2.scenes.main.common.AlertBar.lua,,176,0,40,True,True,True,True,function-local-readable+method-sugar
core,mir2.scenes.main.common.attrTips,D:\loym2\白猪G2.5 0518离线[必须更新]\dec\core_dec_还原\mir2.scenes.main.common.attrTips,D:\loym2\白猪G2.5_0518_lua_plain_readable_20260710_014719\core\mir2.scenes.main.common.attrTips.lua,,52,0,12,True,True,True,True,function-local-readable+method-sugar
core,mir2.scenes.main.common.autoFindPath,D:\loym2\白猪G2.5 0518离线[必须更新]\dec\core_dec_还原\mir2.scenes.main.common.autoFindPath,D:\loym2\白猪G2.5_0518_lua_plain_readable_20260710_014719\core\mir2.scenes.main.common.autoFindPath.lua,D:\loym2\很早的原始客户端明文\mir2\mir2.scenes.main.common.autoFindPath.lua,821,0,205,True,True,True,True,function-local-readable+method-sugar
core,mir2.scenes.main.common.centerTopTip,D:\loym2\白猪G2.5 0518离线[必须更新]\dec\core_dec_还原\mir2.scenes.main.common.centerTopTip,D:\loym2\白猪G2.5_0518_lua_plain_readable_20260710_014719\core\mir2.scenes.main.common.centerTopTip.lua,D:\loym2\很早的原始客户端明文\mir2\mir2.scenes.main.common.centerTopTip.lua,118,0,25,True,True,True,True,function-local-readable+method-sugar
core,mir2.scenes.main.common.common,D:\loym2\白猪G2.5 0518离线[必须更新]\dec\core_dec_还原\mir2.scenes.main.common.common,D:\loym2\白猪G2.5_0518_lua_plain_readable_20260710_014719\core\mir2.scenes.main.common.common.lua,D:\loym2\很早的原始客户端明文\mir2\mir2.scenes.main.common.common.lua,0,0,0,True,True,True,True,function-local-readable+method-sugar
core,mir2.scenes.main.common.common_hk,D:\loym2\白猪G2.5 0518离线[必须更新]\dec\core_dec_还原\mir2.scenes.main.common.common_hk,D:\loym2\白猪G2.5_0518_lua_plain_readable_20260710_014719\core\mir2.scenes.main.common.common_hk.lua,D:\loym2\很早的原始客户端明文\mir2\mir2.scenes.main.common.common.lua,1414,0,317,True,True,True,True,function-local-readable+method-sugar
core,mir2.scenes.main.common.cusTipsBar,D:\loym2\白猪G2.5 0518离线[必须更新]\dec\core_dec_还原\mir2.scenes.main.common.cusTipsBar,D:\loym2\白猪G2.5_0518_lua_plain_readable_20260710_014719\core\mir2.scenes.main.common.cusTipsBar.lua,,137,0,25,True,True,True,True,function-local-readable+method-sugar
core,mir2.scenes.main.common.dialogue,D:\loym2\白猪G2.5 0518离线[必须更新]\dec\core_dec_还原\mir2.scenes.main.common.dialogue,D:\loym2\白猪G2.5_0518_lua_plain_readable_20260710_014719\core\mir2.scenes.main.common.dialogue.lua,,875,0,162,True,True,True,True,scoped-readable+method-sugar
core,mir2.scenes.main.common.extendUI,D:\loym2\白猪G2.5 0518离线[必须更新]\dec\core_dec_还原\mir2.scenes.main.common.extendUI,D:\loym2\白猪G2.5_0518_lua_plain_readable_20260710_014719\core\mir2.scenes.main.common.extendUI.lua,,2807,0,583,True,True,True,True,scoped-readable+method-sugar
core,mir2.scenes.main.common.extendUINew,D:\loym2\白猪G2.5 0518离线[必须更新]\dec\core_dec_还原\mir2.scenes.main.common.extendUINew,D:\loym2\白猪G2.5_0518_lua_plain_readable_20260710_014719\core\mir2.scenes.main.common.extendUINew.lua,,2621,0,529,True,True,True,True,scoped-readable+method-sugar
core,mir2.scenes.main.common.item,D:\loym2\白猪G2.5 0518离线[必须更新]\dec\core_dec_还原\mir2.scenes.main.common.item,D:\loym2\白猪G2.5_0518_lua_plain_readable_20260710_014719\core\mir2.scenes.main.common.item.lua,D:\loym2\很早的原始客户端明文\mir2\mir2.scenes.main.common.item.lua,0,0,0,True,True,True,True,function-local-readable+method-sugar
core,mir2.scenes.main.common.item_hk,D:\loym2\白猪G2.5 0518离线[必须更新]\dec\core_dec_还原\mir2.scenes.main.common.item_hk,D:\loym2\白猪G2.5_0518_lua_plain_readable_20260710_014719\core\mir2.scenes.main.common.item_hk.lua,D:\loym2\很早的原始客户端明文\mir2\mir2.scenes.main.common.item.lua,996,0,153,True,True,True,True,function-local-readable+method-sugar
core,mir2.scenes.main.common.itemInfo,D:\loym2\白猪G2.5 0518离线[必须更新]\dec\core_dec_还原\mir2.scenes.main.common.itemInfo,D:\loym2\白猪G2.5_0518_lua_plain_readable_20260710_014719\core\mir2.scenes.main.common.itemInfo.lua,D:\loym2\很早的原始客户端明文\mir2\mir2.scenes.main.common.itemInfo.lua,3961,0,782,True,True,True,True,scope-safe-readable-fallback
core,mir2.scenes.main.common.leftTopTip,D:\loym2\白猪G2.5 0518离线[必须更新]\dec\core_dec_还原\mir2.scenes.main.common.leftTopTip,D:\loym2\白猪G2.5_0518_lua_plain_readable_20260710_014719\core\mir2.scenes.main.common.leftTopTip.lua,D:\loym2\很早的原始客户端明文\mir2\mir2.scenes.main.common.leftTopTip.lua,221,0,41,True,True,True,True,function-local-readable+method-sugar
core,mir2.scenes.main.common.magic,D:\loym2\白猪G2.5 0518离线[必须更新]\dec\core_dec_还原\mir2.scenes.main.common.magic,D:\loym2\白猪G2.5_0518_lua_plain_readable_20260710_014719\core\mir2.scenes.main.common.magic.lua,D:\loym2\很早的原始客户端明文\mir2\mir2.scenes.main.common.magic.lua,1506,0,283,True,True,True,True,scoped-readable+method-sugar
core,mir2.scenes.main.common.magicParticle,D:\loym2\白猪G2.5 0518离线[必须更新]\dec\core_dec_还原\mir2.scenes.main.common.magicParticle,D:\loym2\白猪G2.5_0518_lua_plain_readable_20260710_014719\core\mir2.scenes.main.common.magicParticle.lua,,8059,0,1441,True,True,True,True,scope-safe-readable-fallback
core,mir2.scenes.main.common.notice,D:\loym2\白猪G2.5 0518离线[必须更新]\dec\core_dec_还原\mir2.scenes.main.common.notice,D:\loym2\白猪G2.5_0518_lua_plain_readable_20260710_014719\core\mir2.scenes.main.common.notice.lua,D:\loym2\很早的原始客户端明文\mir2\mir2.scenes.main.common.notice.lua,148,0,37,True,True,True,True,function-local-readable+method-sugar
core,mir2.scenes.main.common.Parser,D:\loym2\白猪G2.5 0518离线[必须更新]\dec\core_dec_还原\mir2.scenes.main.common.Parser,D:\loym2\白猪G2.5_0518_lua_plain_readable_20260710_014719\core\mir2.scenes.main.common.Parser.lua,,103,0,38,True,True,True,True,function-local-readable+method-sugar
core,mir2.scenes.main.common.settingLogic,D:\loym2\白猪G2.5 0518离线[必须更新]\dec\core_dec_还原\mir2.scenes.main.common.settingLogic,D:\loym2\白猪G2.5_0518_lua_plain_readable_20260710_014719\core\mir2.scenes.main.common.settingLogic.lua,D:\loym2\很早的原始客户端明文\mir2\mir2.scenes.main.common.settingLogic.lua,571,0,143,True,True,True,True,function-local-readable+method-sugar
core,mir2.scenes.main.common.TipsBar,D:\loym2\白猪G2.5 0518离线[必须更新]\dec\core_dec_还原\mir2.scenes.main.common.TipsBar,D:\loym2\白猪G2.5_0518_lua_plain_readable_20260710_014719\core\mir2.scenes.main.common.TipsBar.lua,,151,0,29,True,True,True,True,function-local-readable+method-sugar
core,mir2.scenes.main.common.weatherNature,D:\loym2\白猪G2.5 0518离线[必须更新]\dec\core_dec_还原\mir2.scenes.main.common.weatherNature,D:\loym2\白猪G2.5_0518_lua_plain_readable_20260710_014719\core\mir2.scenes.main.common.weatherNature.lua,,2440,0,576,True,True,True,True,function-local-readable+method-sugar
core,mir2.scenes.main.common.weatherSnow,D:\loym2\白猪G2.5 0518离线[必须更新]\dec\core_dec_还原\mir2.scenes.main.common.weatherSnow,D:\loym2\白猪G2.5_0518_lua_plain_readable_20260710_014719\core\mir2.scenes.main.common.weatherSnow.lua,,626,0,139,True,True,True,True,function-local-readable+method-sugar
core,mir2.scenes.main.common.X8Check,D:\loym2\白猪G2.5 0518离线[必须更新]\dec\core_dec_还原\mir2.scenes.main.common.X8Check,D:\loym2\白猪G2.5_0518_lua_plain_readable_20260710_014719\core\mir2.scenes.main.common.X8Check.lua,,30,0,10,True,True,True,True,function-local-readable+method-sugar
core,mir2.scenes.main.common.yayaListenner,D:\loym2\白猪G2.5 0518离线[必须更新]\dec\core_dec_还原\mir2.scenes.main.common.yayaListenner,D:\loym2\白猪G2.5_0518_lua_plain_readable_20260710_014719\core\mir2.scenes.main.common.yayaListenner.lua,D:\loym2\很早的原始客户端明文\mir2\mir2.scenes.main.common.yayaListenner.lua,14,0,9,True,True,True,True,function-local-readable+method-sugar
core,mir2.scenes.main.console.autoRat,D:\loym2\白猪G2.5 0518离线[必须更新]\dec\core_dec_还原\mir2.scenes.main.console.autoRat,D:\loym2\白猪G2.5_0518_lua_plain_readable_20260710_014719\core\mir2.scenes.main.console.autoRat.lua,D:\loym2\很早的原始客户端明文\mir2\mir2.scenes.main.console.autoRat.lua,0,0,0,True,True,True,True,function-local-readable+method-sugar
core,mir2.scenes.main.console.autoRat_hk,D:\loym2\白猪G2.5 0518离线[必须更新]\dec\core_dec_还原\mir2.scenes.main.console.autoRat_hk,D:\loym2\白猪G2.5_0518_lua_plain_readable_20260710_014719\core\mir2.scenes.main.console.autoRat_hk.lua,D:\loym2\很早的原始客户端明文\mir2\mir2.scenes.main.console.autoRat.lua,1288,0,273,True,True,True,True,function-local-readable+method-sugar
core,mir2.scenes.main.console.console,D:\loym2\白猪G2.5 0518离线[必须更新]\dec\core_dec_还原\mir2.scenes.main.console.console,D:\loym2\白猪G2.5_0518_lua_plain_readable_20260710_014719\core\mir2.scenes.main.console.console.lua,D:\loym2\很早的原始客户端明文\mir2\mir2.scenes.main.console.console.lua,669,0,179,True,True,True,True,function-local-readable+method-sugar
core,mir2.scenes.main.console.controller,D:\loym2\白猪G2.5 0518离线[必须更新]\dec\core_dec_还原\mir2.scenes.main.console.controller,D:\loym2\白猪G2.5_0518_lua_plain_readable_20260710_014719\core\mir2.scenes.main.console.controller.lua,D:\loym2\很早的原始客户端明文\mir2\mir2.scenes.main.console.controller.lua,2013,0,357,True,True,True,True,scoped-readable+method-sugar
core,mir2.scenes.main.console.detail,D:\loym2\白猪G2.5 0518离线[必须更新]\dec\core_dec_还原\mir2.scenes.main.console.detail,D:\loym2\白猪G2.5_0518_lua_plain_readable_20260710_014719\core\mir2.scenes.main.console.detail.lua,D:\loym2\很早的原始客户端明文\mir2\mir2.scenes.main.console.detail.lua,524,0,81,True,True,True,True,function-local-readable+method-sugar
core,mir2.scenes.main.console.skills,D:\loym2\白猪G2.5 0518离线[必须更新]\dec\core_dec_还原\mir2.scenes.main.console.skills,D:\loym2\白猪G2.5_0518_lua_plain_readable_20260710_014719\core\mir2.scenes.main.console.skills.lua,D:\loym2\很早的原始客户端明文\mir2\mir2.scenes.main.console.skills.lua,161,0,47,True,True,True,True,function-local-readable+method-sugar
core,mir2.scenes.main.console.widget.lock,D:\loym2\白猪G2.5 0518离线[必须更新]\dec\core_dec_还原\mir2.scenes.main.console.widget.lock,D:\loym2\白猪G2.5_0518_lua_plain_readable_20260710_014719\core\mir2.scenes.main.console.widget.lock.lua,D:\loym2\很早的原始客户端明文\mir2\mir2.scenes.main.console.widget.lock.lua,953,0,184,True,True,True,True,function-local-readable+method-sugar
core,mir2.scenes.main.console.widget.moremenu,D:\loym2\白猪G2.5 0518离线[必须更新]\dec\core_dec_还原\mir2.scenes.main.console.widget.moremenu,D:\loym2\白猪G2.5_0518_lua_plain_readable_20260710_014719\core\mir2.scenes.main.console.widget.moremenu.lua,,80,0,18,True,True,True,True,function-local-readable+method-sugar
core,mir2.scenes.main.console.widget.rocker,D:\loym2\白猪G2.5 0518离线[必须更新]\dec\core_dec_还原\mir2.scenes.main.console.widget.rocker,D:\loym2\白猪G2.5_0518_lua_plain_readable_20260710_014719\core\mir2.scenes.main.console.widget.rocker.lua,D:\loym2\很早的原始客户端明文\mir2\mir2.scenes.main.console.widget.rocker.lua,400,0,61,True,True,True,True,function-local-readable+method-sugar
core,mir2.scenes.main.console.widget.voiceBtnJIT,D:\loym2\白猪G2.5 0518离线[必须更新]\dec\core_dec_还原\mir2.scenes.main.console.widget.voiceBtnJIT,D:\loym2\白猪G2.5_0518_lua_plain_readable_20260710_014719\core\mir2.scenes.main.console.widget.voiceBtnJIT.lua,D:\loym2\很早的原始客户端明文\mir2\mir2.scenes.main.console.widget.voiceBtnJIT.lua,92,0,17,True,True,True,True,function-local-readable+method-sugar
core,mir2.scenes.main.ground,D:\loym2\白猪G2.5 0518离线[必须更新]\dec\core_dec_还原\mir2.scenes.main.ground,D:\loym2\白猪G2.5_0518_lua_plain_readable_20260710_014719\core\mir2.scenes.main.ground.lua,D:\loym2\很早的原始客户端明文\mir2\mir2.scenes.main.ground.lua,0,0,0,True,True,True,True,function-local-readable+method-sugar
core,mir2.scenes.main.ground_hk,D:\loym2\白猪G2.5 0518离线[必须更新]\dec\core_dec_还原\mir2.scenes.main.ground_hk,D:\loym2\白猪G2.5_0518_lua_plain_readable_20260710_014719\core\mir2.scenes.main.ground_hk.lua,D:\loym2\很早的原始客户端明文\mir2\mir2.scenes.main.ground.lua,1315,0,213,True,True,True,True,scoped-readable+method-sugar
core,mir2.scenes.main.map.map,D:\loym2\白猪G2.5 0518离线[必须更新]\dec\core_dec_还原\mir2.scenes.main.map.map,D:\loym2\白猪G2.5_0518_lua_plain_readable_20260710_014719\core\mir2.scenes.main.map.map.lua,D:\loym2\很早的原始客户端明文\mir2\mir2.scenes.main.map.map.lua,0,0,0,True,True,True,True,function-local-readable+method-sugar
core,mir2.scenes.main.map.map_hk,D:\loym2\白猪G2.5 0518离线[必须更新]\dec\core_dec_还原\mir2.scenes.main.map.map_hk,D:\loym2\白猪G2.5_0518_lua_plain_readable_20260710_014719\core\mir2.scenes.main.map.map_hk.lua,D:\loym2\很早的原始客户端明文\mir2\mir2.scenes.main.map.map.lua,2948,0,614,True,True,True,True,scoped-readable+method-sugar
core,mir2.scenes.main.panel.bag10,D:\loym2\白猪G2.5 0518离线[必须更新]\dec\core_dec_还原\mir2.scenes.main.panel.bag10,D:\loym2\白猪G2.5_0518_lua_plain_readable_20260710_014719\core\mir2.scenes.main.panel.bag10.lua,D:\loym2\很早的原始客户端明文\mir2\mir2.scenes.main.panel.bag.lua,445,0,93,True,True,True,True,function-local-readable+method-sugar
core,mir2.scenes.main.panel.bag8,D:\loym2\白猪G2.5 0518离线[必须更新]\dec\core_dec_还原\mir2.scenes.main.panel.bag8,D:\loym2\白猪G2.5_0518_lua_plain_readable_20260710_014719\core\mir2.scenes.main.panel.bag8.lua,D:\loym2\很早的原始客户端明文\mir2\mir2.scenes.main.panel.bag.lua,498,0,96,True,True,True,True,function-local-readable+method-sugar
core,mir2.scenes.main.panel.bag9,D:\loym2\白猪G2.5 0518离线[必须更新]\dec\core_dec_还原\mir2.scenes.main.panel.bag9,D:\loym2\白猪G2.5_0518_lua_plain_readable_20260710_014719\core\mir2.scenes.main.panel.bag9.lua,D:\loym2\很早的原始客户端明文\mir2\mir2.scenes.main.panel.bag.lua,461,0,90,True,True,True,True,function-local-readable+method-sugar
core,mir2.scenes.main.panel.bagNew,D:\loym2\白猪G2.5 0518离线[必须更新]\dec\core_dec_还原\mir2.scenes.main.panel.bagNew,D:\loym2\白猪G2.5_0518_lua_plain_readable_20260710_014719\core\mir2.scenes.main.panel.bagNew.lua,D:\loym2\很早的原始客户端明文\mir2\mir2.scenes.main.panel.bag.lua,479,0,92,True,True,True,True,function-local-readable+method-sugar
core,mir2.scenes.main.panel.chargeNew,D:\loym2\白猪G2.5 0518离线[必须更新]\dec\core_dec_还原\mir2.scenes.main.panel.chargeNew,D:\loym2\白猪G2.5_0518_lua_plain_readable_20260710_014719\core\mir2.scenes.main.panel.chargeNew.lua,,293,0,77,True,True,True,True,scope-safe-readable-fallback
core,mir2.scenes.main.panel.chatNew,D:\loym2\白猪G2.5 0518离线[必须更新]\dec\core_dec_还原\mir2.scenes.main.panel.chatNew,D:\loym2\白猪G2.5_0518_lua_plain_readable_20260710_014719\core\mir2.scenes.main.panel.chatNew.lua,D:\loym2\很早的原始客户端明文\mir2\mir2.scenes.main.panel.chat.lua,510,0,100,True,True,True,True,function-local-readable+method-sugar
core,mir2.scenes.main.panel.chatOld,D:\loym2\白猪G2.5 0518离线[必须更新]\dec\core_dec_还原\mir2.scenes.main.panel.chatOld,D:\loym2\白猪G2.5_0518_lua_plain_readable_20260710_014719\core\mir2.scenes.main.panel.chatOld.lua,D:\loym2\很早的原始客户端明文\mir2\mir2.scenes.main.panel.chat.lua,415,0,87,True,True,True,True,function-local-readable+method-sugar
core,mir2.scenes.main.panel.deal,D:\loym2\白猪G2.5 0518离线[必须更新]\dec\core_dec_还原\mir2.scenes.main.panel.deal,D:\loym2\白猪G2.5_0518_lua_plain_readable_20260710_014719\core\mir2.scenes.main.panel.deal.lua,D:\loym2\很早的原始客户端明文\mir2\mir2.scenes.main.panel.deal.lua,126,0,32,True,True,True,True,function-local-readable+method-sugar
core,mir2.scenes.main.panel.freedeal,D:\loym2\白猪G2.5 0518离线[必须更新]\dec\core_dec_还原\mir2.scenes.main.panel.freedeal,D:\loym2\白猪G2.5_0518_lua_plain_readable_20260710_014719\core\mir2.scenes.main.panel.freedeal.lua,,1554,0,332,True,True,True,True,scoped-readable+method-sugar
core,mir2.scenes.main.panel.group,D:\loym2\白猪G2.5 0518离线[必须更新]\dec\core_dec_还原\mir2.scenes.main.panel.group,D:\loym2\白猪G2.5_0518_lua_plain_readable_20260710_014719\core\mir2.scenes.main.panel.group.lua,D:\loym2\很早的原始客户端明文\mir2\mir2.scenes.main.panel.group.lua,391,0,89,True,True,True,True,function-local-readable+method-sugar
core,mir2.scenes.main.panel.guild,D:\loym2\白猪G2.5 0518离线[必须更新]\dec\core_dec_还原\mir2.scenes.main.panel.guild,D:\loym2\白猪G2.5_0518_lua_plain_readable_20260710_014719\core\mir2.scenes.main.panel.guild.lua,D:\loym2\很早的原始客户端明文\mir2\mir2.scenes.main.panel.guild.lua,3517,0,729,True,True,True,True,scoped-readable+method-sugar
core,mir2.scenes.main.panel.heroBag,D:\loym2\白猪G2.5 0518离线[必须更新]\dec\core_dec_还原\mir2.scenes.main.panel.heroBag,D:\loym2\白猪G2.5_0518_lua_plain_readable_20260710_014719\core\mir2.scenes.main.panel.heroBag.lua,D:\loym2\很早的原始客户端明文\mir2\mir2.scenes.main.panel.heroBag.lua,208,0,39,True,True,True,True,function-local-readable+method-sugar
core,mir2.scenes.main.panel.luaPanelFactory,D:\loym2\白猪G2.5 0518离线[必须更新]\dec\core_dec_还原\mir2.scenes.main.panel.luaPanelFactory,D:\loym2\白猪G2.5_0518_lua_plain_readable_20260710_014719\core\mir2.scenes.main.panel.luaPanelFactory.lua,,247,0,60,True,True,True,True,function-local-readable+method-sugar
core,mir2.scenes.main.panel.mail,D:\loym2\白猪G2.5 0518离线[必须更新]\dec\core_dec_还原\mir2.scenes.main.panel.mail,D:\loym2\白猪G2.5_0518_lua_plain_readable_20260710_014719\core\mir2.scenes.main.panel.mail.lua,D:\loym2\很早的原始客户端明文\mir2\mir2.scenes.main.panel.mail.lua,655,0,162,True,True,True,True,function-local-readable+method-sugar
core,mir2.scenes.main.panel.Menu,D:\loym2\白猪G2.5 0518离线[必须更新]\dec\core_dec_还原\mir2.scenes.main.panel.Menu,D:\loym2\白猪G2.5_0518_lua_plain_readable_20260710_014719\core\mir2.scenes.main.panel.Menu.lua,,42,0,8,True,True,True,True,function-local-readable+method-sugar
core,mir2.scenes.main.panel.minimap,D:\loym2\白猪G2.5 0518离线[必须更新]\dec\core_dec_还原\mir2.scenes.main.panel.minimap,D:\loym2\白猪G2.5_0518_lua_plain_readable_20260710_014719\core\mir2.scenes.main.panel.minimap.lua,D:\loym2\很早的原始客户端明文\mir2\mir2.scenes.main.panel.minimap.lua,416,0,84,True,True,True,True,function-local-readable+method-sugar
core,mir2.scenes.main.panel.near,D:\loym2\白猪G2.5 0518离线[必须更新]\dec\core_dec_还原\mir2.scenes.main.panel.near,D:\loym2\白猪G2.5_0518_lua_plain_readable_20260710_014719\core\mir2.scenes.main.panel.near.lua,,285,0,62,True,True,True,True,scoped-readable+method-sugar
core,mir2.scenes.main.panel.notice,D:\loym2\白猪G2.5 0518离线[必须更新]\dec\core_dec_还原\mir2.scenes.main.panel.notice,D:\loym2\白猪G2.5_0518_lua_plain_readable_20260710_014719\core\mir2.scenes.main.panel.notice.lua,,243,0,54,True,True,True,True,function-local-readable+method-sugar
core,mir2.scenes.main.panel.npc,D:\loym2\白猪G2.5 0518离线[必须更新]\dec\core_dec_还原\mir2.scenes.main.panel.npc,D:\loym2\白猪G2.5_0518_lua_plain_readable_20260710_014719\core\mir2.scenes.main.panel.npc.lua,D:\loym2\很早的原始客户端明文\mir2\mir2.scenes.main.panel.npc.lua,1507,0,259,True,True,True,True,scoped-readable+method-sugar
core,mir2.scenes.main.panel.panelFactory,D:\loym2\白猪G2.5 0518离线[必须更新]\dec\core_dec_还原\mir2.scenes.main.panel.panelFactory,D:\loym2\白猪G2.5_0518_lua_plain_readable_20260710_014719\core\mir2.scenes.main.panel.panelFactory.lua,,763,0,141,True,True,True,True,function-local-readable+method-sugar
core,mir2.scenes.main.panel.relation,D:\loym2\白猪G2.5 0518离线[必须更新]\dec\core_dec_还原\mir2.scenes.main.panel.relation,D:\loym2\白猪G2.5_0518_lua_plain_readable_20260710_014719\core\mir2.scenes.main.panel.relation.lua,D:\loym2\很早的原始客户端明文\mir2\mir2.scenes.main.panel.relation.lua,1225,0,280,True,True,True,True,function-local-readable+method-sugar
core,mir2.scenes.main.panel.setting,D:\loym2\白猪G2.5 0518离线[必须更新]\dec\core_dec_还原\mir2.scenes.main.panel.setting,D:\loym2\白猪G2.5_0518_lua_plain_readable_20260710_014719\core\mir2.scenes.main.panel.setting.lua,D:\loym2\很早的原始客户端明文\mir2\mir2.scenes.main.panel.setting.lua,3128,0,627,True,True,True,True,scoped-readable+method-sugar
core,mir2.scenes.main.panel.shop,D:\loym2\白猪G2.5 0518离线[必须更新]\dec\core_dec_还原\mir2.scenes.main.panel.shop,D:\loym2\白猪G2.5_0518_lua_plain_readable_20260710_014719\core\mir2.scenes.main.panel.shop.lua,D:\loym2\很早的原始客户端明文\mir2\mir2.scenes.main.panel.shop.lua,484,0,106,True,True,True,True,function-local-readable+method-sugar
core,mir2.scenes.main.panel.stall,D:\loym2\白猪G2.5 0518离线[必须更新]\dec\core_dec_还原\mir2.scenes.main.panel.stall,D:\loym2\白猪G2.5_0518_lua_plain_readable_20260710_014719\core\mir2.scenes.main.panel.stall.lua,D:\loym2\很早的原始客户端明文\mir2\mir2.scenes.main.panel.stall.lua,476,0,102,True,True,True,True,scoped-readable+method-sugar
core,mir2.scenes.main.panel.stallOther,D:\loym2\白猪G2.5 0518离线[必须更新]\dec\core_dec_还原\mir2.scenes.main.panel.stallOther,D:\loym2\白猪G2.5_0518_lua_plain_readable_20260710_014719\core\mir2.scenes.main.panel.stallOther.lua,D:\loym2\很早的原始客户端明文\mir2\mir2.scenes.main.panel.stallOther.lua,234,0,54,True,True,True,True,function-local-readable+method-sugar
core,mir2.scenes.main.panel.storage10,D:\loym2\白猪G2.5 0518离线[必须更新]\dec\core_dec_还原\mir2.scenes.main.panel.storage10,D:\loym2\白猪G2.5_0518_lua_plain_readable_20260710_014719\core\mir2.scenes.main.panel.storage10.lua,D:\loym2\很早的原始客户端明文\mir2\mir2.scenes.main.panel.storage.lua,456,0,114,True,True,True,True,function-local-readable+method-sugar
core,mir2.scenes.main.panel.storage8,D:\loym2\白猪G2.5 0518离线[必须更新]\dec\core_dec_还原\mir2.scenes.main.panel.storage8,D:\loym2\白猪G2.5_0518_lua_plain_readable_20260710_014719\core\mir2.scenes.main.panel.storage8.lua,D:\loym2\很早的原始客户端明文\mir2\mir2.scenes.main.panel.storage.lua,455,0,114,True,True,True,True,function-local-readable+method-sugar
core,mir2.scenes.main.panel.storage9,D:\loym2\白猪G2.5 0518离线[必须更新]\dec\core_dec_还原\mir2.scenes.main.panel.storage9,D:\loym2\白猪G2.5_0518_lua_plain_readable_20260710_014719\core\mir2.scenes.main.panel.storage9.lua,D:\loym2\很早的原始客户端明文\mir2\mir2.scenes.main.panel.storage.lua,226,0,49,True,True,True,True,function-local-readable+method-sugar
core,mir2.scenes.main.panel.storageNew,D:\loym2\白猪G2.5 0518离线[必须更新]\dec\core_dec_还原\mir2.scenes.main.panel.storageNew,D:\loym2\白猪G2.5_0518_lua_plain_readable_20260710_014719\core\mir2.scenes.main.panel.storageNew.lua,D:\loym2\很早的原始客户端明文\mir2\mir2.scenes.main.panel.storage.lua,458,0,114,True,True,True,True,function-local-readable+method-sugar
core,mir2.scenes.main.panel.top,D:\loym2\白猪G2.5 0518离线[必须更新]\dec\core_dec_还原\mir2.scenes.main.panel.top,D:\loym2\白猪G2.5_0518_lua_plain_readable_20260710_014719\core\mir2.scenes.main.panel.top.lua,D:\loym2\很早的原始客户端明文\mir2\mir2.scenes.main.panel.top.lua,369,0,75,True,True,True,True,function-local-readable+method-sugar
core,mir2.scenes.main.panel.voice,D:\loym2\白猪G2.5 0518离线[必须更新]\dec\core_dec_还原\mir2.scenes.main.panel.voice,D:\loym2\白猪G2.5_0518_lua_plain_readable_20260710_014719\core\mir2.scenes.main.panel.voice.lua,D:\loym2\很早的原始客户端明文\mir2\mir2.scenes.main.panel.voice.lua,817,0,167,True,True,True,True,function-local-readable+method-sugar
core,mir2.scenes.main.panel.webView,D:\loym2\白猪G2.5 0518离线[必须更新]\dec\core_dec_还原\mir2.scenes.main.panel.webView,D:\loym2\白猪G2.5_0518_lua_plain_readable_20260710_014719\core\mir2.scenes.main.panel.webView.lua,,71,0,8,True,True,True,True,function-local-readable+method-sugar
core,mir2.scenes.main.role.ani,D:\loym2\白猪G2.5 0518离线[必须更新]\dec\core_dec_还原\mir2.scenes.main.role.ani,D:\loym2\白猪G2.5_0518_lua_plain_readable_20260710_014719\core\mir2.scenes.main.role.ani.lua,D:\loym2\很早的原始客户端明文\mir2\mir2.scenes.main.role.ani.lua,0,0,0,True,True,True,True,function-local-readable+method-sugar
core,mir2.scenes.main.role.ani_hk,D:\loym2\白猪G2.5 0518离线[必须更新]\dec\core_dec_还原\mir2.scenes.main.role.ani_hk,D:\loym2\白猪G2.5_0518_lua_plain_readable_20260710_014719\core\mir2.scenes.main.role.ani_hk.lua,D:\loym2\很早的原始客户端明文\mir2\mir2.scenes.main.role.ani.lua,416,0,74,True,True,True,True,function-local-readable+method-sugar
core,mir2.scenes.main.role.hero,D:\loym2\白猪G2.5 0518离线[必须更新]\dec\core_dec_还原\mir2.scenes.main.role.hero,D:\loym2\白猪G2.5_0518_lua_plain_readable_20260710_014719\core\mir2.scenes.main.role.hero.lua,D:\loym2\很早的原始客户端明文\mir2\mir2.scenes.main.role.hero.lua,589,0,94,True,True,True,True,function-local-readable+method-sugar
core,mir2.scenes.main.role.info,D:\loym2\白猪G2.5 0518离线[必须更新]\dec\core_dec_还原\mir2.scenes.main.role.info,D:\loym2\白猪G2.5_0518_lua_plain_readable_20260710_014719\core\mir2.scenes.main.role.info.lua,D:\loym2\很早的原始客户端明文\mir2\mir2.scenes.main.role.info.lua,1655,0,277,True,True,True,True,function-local-readable+method-sugar
core,mir2.scenes.main.role.mon,D:\loym2\白猪G2.5 0518离线[必须更新]\dec\core_dec_还原\mir2.scenes.main.role.mon,D:\loym2\白猪G2.5_0518_lua_plain_readable_20260710_014719\core\mir2.scenes.main.role.mon.lua,D:\loym2\很早的原始客户端明文\mir2\mir2.scenes.main.role.mon.lua,191,0,34,True,True,True,True,function-local-readable+method-sugar
core,mir2.scenes.main.role.npc,D:\loym2\白猪G2.5 0518离线[必须更新]\dec\core_dec_还原\mir2.scenes.main.role.npc,D:\loym2\白猪G2.5_0518_lua_plain_readable_20260710_014719\core\mir2.scenes.main.role.npc.lua,D:\loym2\很早的原始客户端明文\mir2\mir2.scenes.main.role.npc.lua,74,0,22,True,True,True,True,function-local-readable+method-sugar
core,mir2.scenes.main.role.role,D:\loym2\白猪G2.5 0518离线[必须更新]\dec\core_dec_还原\mir2.scenes.main.role.role,D:\loym2\白猪G2.5_0518_lua_plain_readable_20260710_014719\core\mir2.scenes.main.role.role.lua,D:\loym2\很早的原始客户端明文\mir2\mir2.scenes.main.role.role.lua,0,0,0,True,True,True,True,function-local-readable+method-sugar
core,mir2.scenes.main.role.role_hk,D:\loym2\白猪G2.5 0518离线[必须更新]\dec\core_dec_还原\mir2.scenes.main.role.role_hk,D:\loym2\白猪G2.5_0518_lua_plain_readable_20260710_014719\core\mir2.scenes.main.role.role_hk.lua,D:\loym2\很早的原始客户端明文\mir2\mir2.scenes.main.role.role.lua,2740,0,479,True,True,True,True,scoped-readable+method-sugar
core,mir2.scenes.main.role.stall,D:\loym2\白猪G2.5 0518离线[必须更新]\dec\core_dec_还原\mir2.scenes.main.role.stall,D:\loym2\白猪G2.5_0518_lua_plain_readable_20260710_014719\core\mir2.scenes.main.role.stall.lua,D:\loym2\很早的原始客户端明文\mir2\mir2.scenes.main.role.stall.lua,44,0,4,True,True,True,True,function-local-readable+method-sugar
core,mir2.scenes.main.ui,D:\loym2\白猪G2.5 0518离线[必须更新]\dec\core_dec_还原\mir2.scenes.main.ui,D:\loym2\白猪G2.5_0518_lua_plain_readable_20260710_014719\core\mir2.scenes.main.ui.lua,D:\loym2\很早的原始客户端明文\mir2\mir2.scenes.main.ui.lua,2427,0,247,True,True,True,True,scope-safe-readable-fallback
core,mir2.single.yaya,D:\loym2\白猪G2.5 0518离线[必须更新]\dec\core_dec_还原\mir2.single.yaya,D:\loym2\白猪G2.5_0518_lua_plain_readable_20260710_014719\core\mir2.single.yaya.lua,D:\loym2\很早的原始客户端明文\mir2\mir2.single.yaya.lua,257,0,94,True,True,True,True,function-local-readable+method-sugar
core64,mir2.cfg.piaoxue,D:\loym2\白猪G2.5 0518离线[必须更新]\dec\core64_dec_还原\mir2.cfg.piaoxue,D:\loym2\白猪G2.5_0518_lua_plain_readable_20260710_014719\core64\mir2.cfg.piaoxue.lua,,47,0,12,True,True,True,True,function-local-readable+method-sugar
core64,mir2.scenes.main.common.AlertBar,D:\loym2\白猪G2.5 0518离线[必须更新]\dec\core64_dec_还原\mir2.scenes.main.common.AlertBar,D:\loym2\白猪G2.5_0518_lua_plain_readable_20260710_014719\core64\mir2.scenes.main.common.AlertBar.lua,,176,0,40,True,True,True,True,function-local-readable+method-sugar
core64,mir2.scenes.main.common.attrTips,D:\loym2\白猪G2.5 0518离线[必须更新]\dec\core64_dec_还原\mir2.scenes.main.common.attrTips,D:\loym2\白猪G2.5_0518_lua_plain_readable_20260710_014719\core64\mir2.scenes.main.common.attrTips.lua,,52,0,12,True,True,True,True,function-local-readable+method-sugar
core64,mir2.scenes.main.common.autoFindPath,D:\loym2\白猪G2.5 0518离线[必须更新]\dec\core64_dec_还原\mir2.scenes.main.common.autoFindPath,D:\loym2\白猪G2.5_0518_lua_plain_readable_20260710_014719\core64\mir2.scenes.main.common.autoFindPath.lua,D:\loym2\很早的原始客户端明文\mir2\mir2.scenes.main.common.autoFindPath.lua,821,0,205,True,True,True,True,function-local-readable+method-sugar
core64,mir2.scenes.main.common.centerTopTip,D:\loym2\白猪G2.5 0518离线[必须更新]\dec\core64_dec_还原\mir2.scenes.main.common.centerTopTip,D:\loym2\白猪G2.5_0518_lua_plain_readable_20260710_014719\core64\mir2.scenes.main.common.centerTopTip.lua,D:\loym2\很早的原始客户端明文\mir2\mir2.scenes.main.common.centerTopTip.lua,118,0,25,True,True,True,True,function-local-readable+method-sugar
core64,mir2.scenes.main.common.common,D:\loym2\白猪G2.5 0518离线[必须更新]\dec\core64_dec_还原\mir2.scenes.main.common.common,D:\loym2\白猪G2.5_0518_lua_plain_readable_20260710_014719\core64\mir2.scenes.main.common.common.lua,D:\loym2\很早的原始客户端明文\mir2\mir2.scenes.main.common.common.lua,0,0,0,True,True,True,True,function-local-readable+method-sugar
core64,mir2.scenes.main.common.common_hk,D:\loym2\白猪G2.5 0518离线[必须更新]\dec\core64_dec_还原\mir2.scenes.main.common.common_hk,D:\loym2\白猪G2.5_0518_lua_plain_readable_20260710_014719\core64\mir2.scenes.main.common.common_hk.lua,D:\loym2\很早的原始客户端明文\mir2\mir2.scenes.main.common.common.lua,1414,0,317,True,True,True,True,function-local-readable+method-sugar
core64,mir2.scenes.main.common.cusTipsBar,D:\loym2\白猪G2.5 0518离线[必须更新]\dec\core64_dec_还原\mir2.scenes.main.common.cusTipsBar,D:\loym2\白猪G2.5_0518_lua_plain_readable_20260710_014719\core64\mir2.scenes.main.common.cusTipsBar.lua,,137,0,25,True,True,True,True,function-local-readable+method-sugar
core64,mir2.scenes.main.common.dialogue,D:\loym2\白猪G2.5 0518离线[必须更新]\dec\core64_dec_还原\mir2.scenes.main.common.dialogue,D:\loym2\白猪G2.5_0518_lua_plain_readable_20260710_014719\core64\mir2.scenes.main.common.dialogue.lua,,875,0,162,True,True,True,True,scoped-readable+method-sugar
core64,mir2.scenes.main.common.extendUI,D:\loym2\白猪G2.5 0518离线[必须更新]\dec\core64_dec_还原\mir2.scenes.main.common.extendUI,D:\loym2\白猪G2.5_0518_lua_plain_readable_20260710_014719\core64\mir2.scenes.main.common.extendUI.lua,,2807,0,583,True,True,True,True,scoped-readable+method-sugar
core64,mir2.scenes.main.common.extendUINew,D:\loym2\白猪G2.5 0518离线[必须更新]\dec\core64_dec_还原\mir2.scenes.main.common.extendUINew,D:\loym2\白猪G2.5_0518_lua_plain_readable_20260710_014719\core64\mir2.scenes.main.common.extendUINew.lua,,2621,0,529,True,True,True,True,scoped-readable+method-sugar
core64,mir2.scenes.main.common.item,D:\loym2\白猪G2.5 0518离线[必须更新]\dec\core64_dec_还原\mir2.scenes.main.common.item,D:\loym2\白猪G2.5_0518_lua_plain_readable_20260710_014719\core64\mir2.scenes.main.common.item.lua,D:\loym2\很早的原始客户端明文\mir2\mir2.scenes.main.common.item.lua,0,0,0,True,True,True,True,function-local-readable+method-sugar
core64,mir2.scenes.main.common.item_hk,D:\loym2\白猪G2.5 0518离线[必须更新]\dec\core64_dec_还原\mir2.scenes.main.common.item_hk,D:\loym2\白猪G2.5_0518_lua_plain_readable_20260710_014719\core64\mir2.scenes.main.common.item_hk.lua,D:\loym2\很早的原始客户端明文\mir2\mir2.scenes.main.common.item.lua,996,0,153,True,True,True,True,function-local-readable+method-sugar
core64,mir2.scenes.main.common.itemInfo,D:\loym2\白猪G2.5 0518离线[必须更新]\dec\core64_dec_还原\mir2.scenes.main.common.itemInfo,D:\loym2\白猪G2.5_0518_lua_plain_readable_20260710_014719\core64\mir2.scenes.main.common.itemInfo.lua,D:\loym2\很早的原始客户端明文\mir2\mir2.scenes.main.common.itemInfo.lua,3961,0,782,True,True,True,True,scope-safe-readable-fallback
core64,mir2.scenes.main.common.leftTopTip,D:\loym2\白猪G2.5 0518离线[必须更新]\dec\core64_dec_还原\mir2.scenes.main.common.leftTopTip,D:\loym2\白猪G2.5_0518_lua_plain_readable_20260710_014719\core64\mir2.scenes.main.common.leftTopTip.lua,D:\loym2\很早的原始客户端明文\mir2\mir2.scenes.main.common.leftTopTip.lua,221,0,41,True,True,True,True,function-local-readable+method-sugar
core64,mir2.scenes.main.common.magic,D:\loym2\白猪G2.5 0518离线[必须更新]\dec\core64_dec_还原\mir2.scenes.main.common.magic,D:\loym2\白猪G2.5_0518_lua_plain_readable_20260710_014719\core64\mir2.scenes.main.common.magic.lua,D:\loym2\很早的原始客户端明文\mir2\mir2.scenes.main.common.magic.lua,1506,0,283,True,True,True,True,scoped-readable+method-sugar
core64,mir2.scenes.main.common.magicParticle,D:\loym2\白猪G2.5 0518离线[必须更新]\dec\core64_dec_还原\mir2.scenes.main.common.magicParticle,D:\loym2\白猪G2.5_0518_lua_plain_readable_20260710_014719\core64\mir2.scenes.main.common.magicParticle.lua,,8059,0,1441,True,True,True,True,scope-safe-readable-fallback
core64,mir2.scenes.main.common.notice,D:\loym2\白猪G2.5 0518离线[必须更新]\dec\core64_dec_还原\mir2.scenes.main.common.notice,D:\loym2\白猪G2.5_0518_lua_plain_readable_20260710_014719\core64\mir2.scenes.main.common.notice.lua,D:\loym2\很早的原始客户端明文\mir2\mir2.scenes.main.common.notice.lua,148,0,37,True,True,True,True,function-local-readable+method-sugar
core64,mir2.scenes.main.common.Parser,D:\loym2\白猪G2.5 0518离线[必须更新]\dec\core64_dec_还原\mir2.scenes.main.common.Parser,D:\loym2\白猪G2.5_0518_lua_plain_readable_20260710_014719\core64\mir2.scenes.main.common.Parser.lua,,103,0,38,True,True,True,True,function-local-readable+method-sugar
core64,mir2.scenes.main.common.settingLogic,D:\loym2\白猪G2.5 0518离线[必须更新]\dec\core64_dec_还原\mir2.scenes.main.common.settingLogic,D:\loym2\白猪G2.5_0518_lua_plain_readable_20260710_014719\core64\mir2.scenes.main.common.settingLogic.lua,D:\loym2\很早的原始客户端明文\mir2\mir2.scenes.main.common.settingLogic.lua,571,0,143,True,True,True,True,function-local-readable+method-sugar
core64,mir2.scenes.main.common.TipsBar,D:\loym2\白猪G2.5 0518离线[必须更新]\dec\core64_dec_还原\mir2.scenes.main.common.TipsBar,D:\loym2\白猪G2.5_0518_lua_plain_readable_20260710_014719\core64\mir2.scenes.main.common.TipsBar.lua,,151,0,29,True,True,True,True,function-local-readable+method-sugar
core64,mir2.scenes.main.common.weatherNature,D:\loym2\白猪G2.5 0518离线[必须更新]\dec\core64_dec_还原\mir2.scenes.main.common.weatherNature,D:\loym2\白猪G2.5_0518_lua_plain_readable_20260710_014719\core64\mir2.scenes.main.common.weatherNature.lua,,2440,0,576,True,True,True,True,function-local-readable+method-sugar
core64,mir2.scenes.main.common.weatherSnow,D:\loym2\白猪G2.5 0518离线[必须更新]\dec\core64_dec_还原\mir2.scenes.main.common.weatherSnow,D:\loym2\白猪G2.5_0518_lua_plain_readable_20260710_014719\core64\mir2.scenes.main.common.weatherSnow.lua,,626,0,139,True,True,True,True,function-local-readable+method-sugar
core64,mir2.scenes.main.common.X8Check,D:\loym2\白猪G2.5 0518离线[必须更新]\dec\core64_dec_还原\mir2.scenes.main.common.X8Check,D:\loym2\白猪G2.5_0518_lua_plain_readable_20260710_014719\core64\mir2.scenes.main.common.X8Check.lua,,30,0,10,True,True,True,True,function-local-readable+method-sugar
core64,mir2.scenes.main.common.yayaListenner,D:\loym2\白猪G2.5 0518离线[必须更新]\dec\core64_dec_还原\mir2.scenes.main.common.yayaListenner,D:\loym2\白猪G2.5_0518_lua_plain_readable_20260710_014719\core64\mir2.scenes.main.common.yayaListenner.lua,D:\loym2\很早的原始客户端明文\mir2\mir2.scenes.main.common.yayaListenner.lua,14,0,9,True,True,True,True,function-local-readable+method-sugar
core64,mir2.scenes.main.console.autoRat,D:\loym2\白猪G2.5 0518离线[必须更新]\dec\core64_dec_还原\mir2.scenes.main.console.autoRat,D:\loym2\白猪G2.5_0518_lua_plain_readable_20260710_014719\core64\mir2.scenes.main.console.autoRat.lua,D:\loym2\很早的原始客户端明文\mir2\mir2.scenes.main.console.autoRat.lua,0,0,0,True,True,True,True,function-local-readable+method-sugar
core64,mir2.scenes.main.console.autoRat_hk,D:\loym2\白猪G2.5 0518离线[必须更新]\dec\core64_dec_还原\mir2.scenes.main.console.autoRat_hk,D:\loym2\白猪G2.5_0518_lua_plain_readable_20260710_014719\core64\mir2.scenes.main.console.autoRat_hk.lua,D:\loym2\很早的原始客户端明文\mir2\mir2.scenes.main.console.autoRat.lua,1288,0,273,True,True,True,True,function-local-readable+method-sugar
core64,mir2.scenes.main.console.console,D:\loym2\白猪G2.5 0518离线[必须更新]\dec\core64_dec_还原\mir2.scenes.main.console.console,D:\loym2\白猪G2.5_0518_lua_plain_readable_20260710_014719\core64\mir2.scenes.main.console.console.lua,D:\loym2\很早的原始客户端明文\mir2\mir2.scenes.main.console.console.lua,669,0,179,True,True,True,True,function-local-readable+method-sugar
core64,mir2.scenes.main.console.controller,D:\loym2\白猪G2.5 0518离线[必须更新]\dec\core64_dec_还原\mir2.scenes.main.console.controller,D:\loym2\白猪G2.5_0518_lua_plain_readable_20260710_014719\core64\mir2.scenes.main.console.controller.lua,D:\loym2\很早的原始客户端明文\mir2\mir2.scenes.main.console.controller.lua,2013,0,357,True,True,True,True,scoped-readable+method-sugar
core64,mir2.scenes.main.console.detail,D:\loym2\白猪G2.5 0518离线[必须更新]\dec\core64_dec_还原\mir2.scenes.main.console.detail,D:\loym2\白猪G2.5_0518_lua_plain_readable_20260710_014719\core64\mir2.scenes.main.console.detail.lua,D:\loym2\很早的原始客户端明文\mir2\mir2.scenes.main.console.detail.lua,524,0,81,True,True,True,True,function-local-readable+method-sugar
core64,mir2.scenes.main.console.skills,D:\loym2\白猪G2.5 0518离线[必须更新]\dec\core64_dec_还原\mir2.scenes.main.console.skills,D:\loym2\白猪G2.5_0518_lua_plain_readable_20260710_014719\core64\mir2.scenes.main.console.skills.lua,D:\loym2\很早的原始客户端明文\mir2\mir2.scenes.main.console.skills.lua,161,0,47,True,True,True,True,function-local-readable+method-sugar
core64,mir2.scenes.main.console.widget.lock,D:\loym2\白猪G2.5 0518离线[必须更新]\dec\core64_dec_还原\mir2.scenes.main.console.widget.lock,D:\loym2\白猪G2.5_0518_lua_plain_readable_20260710_014719\core64\mir2.scenes.main.console.widget.lock.lua,D:\loym2\很早的原始客户端明文\mir2\mir2.scenes.main.console.widget.lock.lua,953,0,184,True,True,True,True,function-local-readable+method-sugar
core64,mir2.scenes.main.console.widget.moremenu,D:\loym2\白猪G2.5 0518离线[必须更新]\dec\core64_dec_还原\mir2.scenes.main.console.widget.moremenu,D:\loym2\白猪G2.5_0518_lua_plain_readable_20260710_014719\core64\mir2.scenes.main.console.widget.moremenu.lua,,80,0,18,True,True,True,True,function-local-readable+method-sugar
core64,mir2.scenes.main.console.widget.rocker,D:\loym2\白猪G2.5 0518离线[必须更新]\dec\core64_dec_还原\mir2.scenes.main.console.widget.rocker,D:\loym2\白猪G2.5_0518_lua_plain_readable_20260710_014719\core64\mir2.scenes.main.console.widget.rocker.lua,D:\loym2\很早的原始客户端明文\mir2\mir2.scenes.main.console.widget.rocker.lua,400,0,61,True,True,True,True,function-local-readable+method-sugar
core64,mir2.scenes.main.console.widget.voiceBtnJIT,D:\loym2\白猪G2.5 0518离线[必须更新]\dec\core64_dec_还原\mir2.scenes.main.console.widget.voiceBtnJIT,D:\loym2\白猪G2.5_0518_lua_plain_readable_20260710_014719\core64\mir2.scenes.main.console.widget.voiceBtnJIT.lua,D:\loym2\很早的原始客户端明文\mir2\mir2.scenes.main.console.widget.voiceBtnJIT.lua,92,0,17,True,True,True,True,function-local-readable+method-sugar
core64,mir2.scenes.main.ground,D:\loym2\白猪G2.5 0518离线[必须更新]\dec\core64_dec_还原\mir2.scenes.main.ground,D:\loym2\白猪G2.5_0518_lua_plain_readable_20260710_014719\core64\mir2.scenes.main.ground.lua,D:\loym2\很早的原始客户端明文\mir2\mir2.scenes.main.ground.lua,0,0,0,True,True,True,True,function-local-readable+method-sugar
core64,mir2.scenes.main.ground_hk,D:\loym2\白猪G2.5 0518离线[必须更新]\dec\core64_dec_还原\mir2.scenes.main.ground_hk,D:\loym2\白猪G2.5_0518_lua_plain_readable_20260710_014719\core64\mir2.scenes.main.ground_hk.lua,D:\loym2\很早的原始客户端明文\mir2\mir2.scenes.main.ground.lua,1315,0,213,True,True,True,True,scoped-readable+method-sugar
core64,mir2.scenes.main.map.map,D:\loym2\白猪G2.5 0518离线[必须更新]\dec\core64_dec_还原\mir2.scenes.main.map.map,D:\loym2\白猪G2.5_0518_lua_plain_readable_20260710_014719\core64\mir2.scenes.main.map.map.lua,D:\loym2\很早的原始客户端明文\mir2\mir2.scenes.main.map.map.lua,0,0,0,True,True,True,True,function-local-readable+method-sugar
core64,mir2.scenes.main.map.map_hk,D:\loym2\白猪G2.5 0518离线[必须更新]\dec\core64_dec_还原\mir2.scenes.main.map.map_hk,D:\loym2\白猪G2.5_0518_lua_plain_readable_20260710_014719\core64\mir2.scenes.main.map.map_hk.lua,D:\loym2\很早的原始客户端明文\mir2\mir2.scenes.main.map.map.lua,2948,0,614,True,True,True,True,scoped-readable+method-sugar
core64,mir2.scenes.main.panel.bag10,D:\loym2\白猪G2.5 0518离线[必须更新]\dec\core64_dec_还原\mir2.scenes.main.panel.bag10,D:\loym2\白猪G2.5_0518_lua_plain_readable_20260710_014719\core64\mir2.scenes.main.panel.bag10.lua,D:\loym2\很早的原始客户端明文\mir2\mir2.scenes.main.panel.bag.lua,445,0,93,True,True,True,True,function-local-readable+method-sugar
core64,mir2.scenes.main.panel.bag8,D:\loym2\白猪G2.5 0518离线[必须更新]\dec\core64_dec_还原\mir2.scenes.main.panel.bag8,D:\loym2\白猪G2.5_0518_lua_plain_readable_20260710_014719\core64\mir2.scenes.main.panel.bag8.lua,D:\loym2\很早的原始客户端明文\mir2\mir2.scenes.main.panel.bag.lua,498,0,96,True,True,True,True,function-local-readable+method-sugar
core64,mir2.scenes.main.panel.bag9,D:\loym2\白猪G2.5 0518离线[必须更新]\dec\core64_dec_还原\mir2.scenes.main.panel.bag9,D:\loym2\白猪G2.5_0518_lua_plain_readable_20260710_014719\core64\mir2.scenes.main.panel.bag9.lua,D:\loym2\很早的原始客户端明文\mir2\mir2.scenes.main.panel.bag.lua,461,0,90,True,True,True,True,function-local-readable+method-sugar
core64,mir2.scenes.main.panel.bagNew,D:\loym2\白猪G2.5 0518离线[必须更新]\dec\core64_dec_还原\mir2.scenes.main.panel.bagNew,D:\loym2\白猪G2.5_0518_lua_plain_readable_20260710_014719\core64\mir2.scenes.main.panel.bagNew.lua,D:\loym2\很早的原始客户端明文\mir2\mir2.scenes.main.panel.bag.lua,479,0,92,True,True,True,True,function-local-readable+method-sugar
core64,mir2.scenes.main.panel.chargeNew,D:\loym2\白猪G2.5 0518离线[必须更新]\dec\core64_dec_还原\mir2.scenes.main.panel.chargeNew,D:\loym2\白猪G2.5_0518_lua_plain_readable_20260710_014719\core64\mir2.scenes.main.panel.chargeNew.lua,,293,0,77,True,True,True,True,scope-safe-readable-fallback
core64,mir2.scenes.main.panel.chatNew,D:\loym2\白猪G2.5 0518离线[必须更新]\dec\core64_dec_还原\mir2.scenes.main.panel.chatNew,D:\loym2\白猪G2.5_0518_lua_plain_readable_20260710_014719\core64\mir2.scenes.main.panel.chatNew.lua,D:\loym2\很早的原始客户端明文\mir2\mir2.scenes.main.panel.chat.lua,510,0,100,True,True,True,True,function-local-readable+method-sugar
core64,mir2.scenes.main.panel.chatOld,D:\loym2\白猪G2.5 0518离线[必须更新]\dec\core64_dec_还原\mir2.scenes.main.panel.chatOld,D:\loym2\白猪G2.5_0518_lua_plain_readable_20260710_014719\core64\mir2.scenes.main.panel.chatOld.lua,D:\loym2\很早的原始客户端明文\mir2\mir2.scenes.main.panel.chat.lua,415,0,87,True,True,True,True,function-local-readable+method-sugar
core64,mir2.scenes.main.panel.deal,D:\loym2\白猪G2.5 0518离线[必须更新]\dec\core64_dec_还原\mir2.scenes.main.panel.deal,D:\loym2\白猪G2.5_0518_lua_plain_readable_20260710_014719\core64\mir2.scenes.main.panel.deal.lua,D:\loym2\很早的原始客户端明文\mir2\mir2.scenes.main.panel.deal.lua,126,0,32,True,True,True,True,function-local-readable+method-sugar
core64,mir2.scenes.main.panel.freedeal,D:\loym2\白猪G2.5 0518离线[必须更新]\dec\core64_dec_还原\mir2.scenes.main.panel.freedeal,D:\loym2\白猪G2.5_0518_lua_plain_readable_20260710_014719\core64\mir2.scenes.main.panel.freedeal.lua,,1554,0,332,True,True,True,True,scoped-readable+method-sugar
core64,mir2.scenes.main.panel.group,D:\loym2\白猪G2.5 0518离线[必须更新]\dec\core64_dec_还原\mir2.scenes.main.panel.group,D:\loym2\白猪G2.5_0518_lua_plain_readable_20260710_014719\core64\mir2.scenes.main.panel.group.lua,D:\loym2\很早的原始客户端明文\mir2\mir2.scenes.main.panel.group.lua,391,0,89,True,True,True,True,function-local-readable+method-sugar
core64,mir2.scenes.main.panel.guild,D:\loym2\白猪G2.5 0518离线[必须更新]\dec\core64_dec_还原\mir2.scenes.main.panel.guild,D:\loym2\白猪G2.5_0518_lua_plain_readable_20260710_014719\core64\mir2.scenes.main.panel.guild.lua,D:\loym2\很早的原始客户端明文\mir2\mir2.scenes.main.panel.guild.lua,3517,0,729,True,True,True,True,scoped-readable+method-sugar
core64,mir2.scenes.main.panel.heroBag,D:\loym2\白猪G2.5 0518离线[必须更新]\dec\core64_dec_还原\mir2.scenes.main.panel.heroBag,D:\loym2\白猪G2.5_0518_lua_plain_readable_20260710_014719\core64\mir2.scenes.main.panel.heroBag.lua,D:\loym2\很早的原始客户端明文\mir2\mir2.scenes.main.panel.heroBag.lua,208,0,39,True,True,True,True,function-local-readable+method-sugar
core64,mir2.scenes.main.panel.luaPanelFactory,D:\loym2\白猪G2.5 0518离线[必须更新]\dec\core64_dec_还原\mir2.scenes.main.panel.luaPanelFactory,D:\loym2\白猪G2.5_0518_lua_plain_readable_20260710_014719\core64\mir2.scenes.main.panel.luaPanelFactory.lua,,247,0,60,True,True,True,True,function-local-readable+method-sugar
core64,mir2.scenes.main.panel.mail,D:\loym2\白猪G2.5 0518离线[必须更新]\dec\core64_dec_还原\mir2.scenes.main.panel.mail,D:\loym2\白猪G2.5_0518_lua_plain_readable_20260710_014719\core64\mir2.scenes.main.panel.mail.lua,D:\loym2\很早的原始客户端明文\mir2\mir2.scenes.main.panel.mail.lua,655,0,162,True,True,True,True,function-local-readable+method-sugar
core64,mir2.scenes.main.panel.Menu,D:\loym2\白猪G2.5 0518离线[必须更新]\dec\core64_dec_还原\mir2.scenes.main.panel.Menu,D:\loym2\白猪G2.5_0518_lua_plain_readable_20260710_014719\core64\mir2.scenes.main.panel.Menu.lua,,42,0,8,True,True,True,True,function-local-readable+method-sugar
core64,mir2.scenes.main.panel.minimap,D:\loym2\白猪G2.5 0518离线[必须更新]\dec\core64_dec_还原\mir2.scenes.main.panel.minimap,D:\loym2\白猪G2.5_0518_lua_plain_readable_20260710_014719\core64\mir2.scenes.main.panel.minimap.lua,D:\loym2\很早的原始客户端明文\mir2\mir2.scenes.main.panel.minimap.lua,416,0,84,True,True,True,True,function-local-readable+method-sugar
core64,mir2.scenes.main.panel.near,D:\loym2\白猪G2.5 0518离线[必须更新]\dec\core64_dec_还原\mir2.scenes.main.panel.near,D:\loym2\白猪G2.5_0518_lua_plain_readable_20260710_014719\core64\mir2.scenes.main.panel.near.lua,,285,0,62,True,True,True,True,scoped-readable+method-sugar
core64,mir2.scenes.main.panel.notice,D:\loym2\白猪G2.5 0518离线[必须更新]\dec\core64_dec_还原\mir2.scenes.main.panel.notice,D:\loym2\白猪G2.5_0518_lua_plain_readable_20260710_014719\core64\mir2.scenes.main.panel.notice.lua,,243,0,54,True,True,True,True,function-local-readable+method-sugar
core64,mir2.scenes.main.panel.npc,D:\loym2\白猪G2.5 0518离线[必须更新]\dec\core64_dec_还原\mir2.scenes.main.panel.npc,D:\loym2\白猪G2.5_0518_lua_plain_readable_20260710_014719\core64\mir2.scenes.main.panel.npc.lua,D:\loym2\很早的原始客户端明文\mir2\mir2.scenes.main.panel.npc.lua,1507,0,259,True,True,True,True,scoped-readable+method-sugar
core64,mir2.scenes.main.panel.panelFactory,D:\loym2\白猪G2.5 0518离线[必须更新]\dec\core64_dec_还原\mir2.scenes.main.panel.panelFactory,D:\loym2\白猪G2.5_0518_lua_plain_readable_20260710_014719\core64\mir2.scenes.main.panel.panelFactory.lua,,763,0,141,True,True,True,True,function-local-readable+method-sugar
core64,mir2.scenes.main.panel.relation,D:\loym2\白猪G2.5 0518离线[必须更新]\dec\core64_dec_还原\mir2.scenes.main.panel.relation,D:\loym2\白猪G2.5_0518_lua_plain_readable_20260710_014719\core64\mir2.scenes.main.panel.relation.lua,D:\loym2\很早的原始客户端明文\mir2\mir2.scenes.main.panel.relation.lua,1225,0,280,True,True,True,True,function-local-readable+method-sugar
core64,mir2.scenes.main.panel.setting,D:\loym2\白猪G2.5 0518离线[必须更新]\dec\core64_dec_还原\mir2.scenes.main.panel.setting,D:\loym2\白猪G2.5_0518_lua_plain_readable_20260710_014719\core64\mir2.scenes.main.panel.setting.lua,D:\loym2\很早的原始客户端明文\mir2\mir2.scenes.main.panel.setting.lua,3128,0,627,True,True,True,True,scoped-readable+method-sugar
core64,mir2.scenes.main.panel.shop,D:\loym2\白猪G2.5 0518离线[必须更新]\dec\core64_dec_还原\mir2.scenes.main.panel.shop,D:\loym2\白猪G2.5_0518_lua_plain_readable_20260710_014719\core64\mir2.scenes.main.panel.shop.lua,D:\loym2\很早的原始客户端明文\mir2\mir2.scenes.main.panel.shop.lua,484,0,106,True,True,True,True,function-local-readable+method-sugar
core64,mir2.scenes.main.panel.stall,D:\loym2\白猪G2.5 0518离线[必须更新]\dec\core64_dec_还原\mir2.scenes.main.panel.stall,D:\loym2\白猪G2.5_0518_lua_plain_readable_20260710_014719\core64\mir2.scenes.main.panel.stall.lua,D:\loym2\很早的原始客户端明文\mir2\mir2.scenes.main.panel.stall.lua,476,0,102,True,True,True,True,scoped-readable+method-sugar
core64,mir2.scenes.main.panel.stallOther,D:\loym2\白猪G2.5 0518离线[必须更新]\dec\core64_dec_还原\mir2.scenes.main.panel.stallOther,D:\loym2\白猪G2.5_0518_lua_plain_readable_20260710_014719\core64\mir2.scenes.main.panel.stallOther.lua,D:\loym2\很早的原始客户端明文\mir2\mir2.scenes.main.panel.stallOther.lua,234,0,54,True,True,True,True,function-local-readable+method-sugar
core64,mir2.scenes.main.panel.storage10,D:\loym2\白猪G2.5 0518离线[必须更新]\dec\core64_dec_还原\mir2.scenes.main.panel.storage10,D:\loym2\白猪G2.5_0518_lua_plain_readable_20260710_014719\core64\mir2.scenes.main.panel.storage10.lua,D:\loym2\很早的原始客户端明文\mir2\mir2.scenes.main.panel.storage.lua,456,0,114,True,True,True,True,function-local-readable+method-sugar
core64,mir2.scenes.main.panel.storage8,D:\loym2\白猪G2.5 0518离线[必须更新]\dec\core64_dec_还原\mir2.scenes.main.panel.storage8,D:\loym2\白猪G2.5_0518_lua_plain_readable_20260710_014719\core64\mir2.scenes.main.panel.storage8.lua,D:\loym2\很早的原始客户端明文\mir2\mir2.scenes.main.panel.storage.lua,455,0,114,True,True,True,True,function-local-readable+method-sugar
core64,mir2.scenes.main.panel.storage9,D:\loym2\白猪G2.5 0518离线[必须更新]\dec\core64_dec_还原\mir2.scenes.main.panel.storage9,D:\loym2\白猪G2.5_0518_lua_plain_readable_20260710_014719\core64\mir2.scenes.main.panel.storage9.lua,D:\loym2\很早的原始客户端明文\mir2\mir2.scenes.main.panel.storage.lua,226,0,49,True,True,True,True,function-local-readable+method-sugar
core64,mir2.scenes.main.panel.storageNew,D:\loym2\白猪G2.5 0518离线[必须更新]\dec\core64_dec_还原\mir2.scenes.main.panel.storageNew,D:\loym2\白猪G2.5_0518_lua_plain_readable_20260710_014719\core64\mir2.scenes.main.panel.storageNew.lua,D:\loym2\很早的原始客户端明文\mir2\mir2.scenes.main.panel.storage.lua,458,0,114,True,True,True,True,function-local-readable+method-sugar
core64,mir2.scenes.main.panel.top,D:\loym2\白猪G2.5 0518离线[必须更新]\dec\core64_dec_还原\mir2.scenes.main.panel.top,D:\loym2\白猪G2.5_0518_lua_plain_readable_20260710_014719\core64\mir2.scenes.main.panel.top.lua,D:\loym2\很早的原始客户端明文\mir2\mir2.scenes.main.panel.top.lua,369,0,75,True,True,True,True,function-local-readable+method-sugar
core64,mir2.scenes.main.panel.voice,D:\loym2\白猪G2.5 0518离线[必须更新]\dec\core64_dec_还原\mir2.scenes.main.panel.voice,D:\loym2\白猪G2.5_0518_lua_plain_readable_20260710_014719\core64\mir2.scenes.main.panel.voice.lua,D:\loym2\很早的原始客户端明文\mir2\mir2.scenes.main.panel.voice.lua,817,0,167,True,True,True,True,function-local-readable+method-sugar
core64,mir2.scenes.main.panel.webView,D:\loym2\白猪G2.5 0518离线[必须更新]\dec\core64_dec_还原\mir2.scenes.main.panel.webView,D:\loym2\白猪G2.5_0518_lua_plain_readable_20260710_014719\core64\mir2.scenes.main.panel.webView.lua,,71,0,8,True,True,True,True,function-local-readable+method-sugar
core64,mir2.scenes.main.role.ani,D:\loym2\白猪G2.5 0518离线[必须更新]\dec\core64_dec_还原\mir2.scenes.main.role.ani,D:\loym2\白猪G2.5_0518_lua_plain_readable_20260710_014719\core64\mir2.scenes.main.role.ani.lua,D:\loym2\很早的原始客户端明文\mir2\mir2.scenes.main.role.ani.lua,0,0,0,True,True,True,True,function-local-readable+method-sugar
core64,mir2.scenes.main.role.ani_hk,D:\loym2\白猪G2.5 0518离线[必须更新]\dec\core64_dec_还原\mir2.scenes.main.role.ani_hk,D:\loym2\白猪G2.5_0518_lua_plain_readable_20260710_014719\core64\mir2.scenes.main.role.ani_hk.lua,D:\loym2\很早的原始客户端明文\mir2\mir2.scenes.main.role.ani.lua,416,0,74,True,True,True,True,function-local-readable+method-sugar
core64,mir2.scenes.main.role.hero,D:\loym2\白猪G2.5 0518离线[必须更新]\dec\core64_dec_还原\mir2.scenes.main.role.hero,D:\loym2\白猪G2.5_0518_lua_plain_readable_20260710_014719\core64\mir2.scenes.main.role.hero.lua,D:\loym2\很早的原始客户端明文\mir2\mir2.scenes.main.role.hero.lua,589,0,94,True,True,True,True,function-local-readable+method-sugar
core64,mir2.scenes.main.role.info,D:\loym2\白猪G2.5 0518离线[必须更新]\dec\core64_dec_还原\mir2.scenes.main.role.info,D:\loym2\白猪G2.5_0518_lua_plain_readable_20260710_014719\core64\mir2.scenes.main.role.info.lua,D:\loym2\很早的原始客户端明文\mir2\mir2.scenes.main.role.info.lua,1655,0,277,True,True,True,True,function-local-readable+method-sugar
core64,mir2.scenes.main.role.mon,D:\loym2\白猪G2.5 0518离线[必须更新]\dec\core64_dec_还原\mir2.scenes.main.role.mon,D:\loym2\白猪G2.5_0518_lua_plain_readable_20260710_014719\core64\mir2.scenes.main.role.mon.lua,D:\loym2\很早的原始客户端明文\mir2\mir2.scenes.main.role.mon.lua,191,0,34,True,True,True,True,function-local-readable+method-sugar
core64,mir2.scenes.main.role.npc,D:\loym2\白猪G2.5 0518离线[必须更新]\dec\core64_dec_还原\mir2.scenes.main.role.npc,D:\loym2\白猪G2.5_0518_lua_plain_readable_20260710_014719\core64\mir2.scenes.main.role.npc.lua,D:\loym2\很早的原始客户端明文\mir2\mir2.scenes.main.role.npc.lua,74,0,22,True,True,True,True,function-local-readable+method-sugar
core64,mir2.scenes.main.role.role,D:\loym2\白猪G2.5 0518离线[必须更新]\dec\core64_dec_还原\mir2.scenes.main.role.role,D:\loym2\白猪G2.5_0518_lua_plain_readable_20260710_014719\core64\mir2.scenes.main.role.role.lua,D:\loym2\很早的原始客户端明文\mir2\mir2.scenes.main.role.role.lua,0,0,0,True,True,True,True,function-local-readable+method-sugar
core64,mir2.scenes.main.role.role_hk,D:\loym2\白猪G2.5 0518离线[必须更新]\dec\core64_dec_还原\mir2.scenes.main.role.role_hk,D:\loym2\白猪G2.5_0518_lua_plain_readable_20260710_014719\core64\mir2.scenes.main.role.role_hk.lua,D:\loym2\很早的原始客户端明文\mir2\mir2.scenes.main.role.role.lua,2740,0,479,True,True,True,True,scoped-readable+method-sugar
core64,mir2.scenes.main.role.stall,D:\loym2\白猪G2.5 0518离线[必须更新]\dec\core64_dec_还原\mir2.scenes.main.role.stall,D:\loym2\白猪G2.5_0518_lua_plain_readable_20260710_014719\core64\mir2.scenes.main.role.stall.lua,D:\loym2\很早的原始客户端明文\mir2\mir2.scenes.main.role.stall.lua,44,0,4,True,True,True,True,function-local-readable+method-sugar
core64,mir2.scenes.main.ui,D:\loym2\白猪G2.5 0518离线[必须更新]\dec\core64_dec_还原\mir2.scenes.main.ui,D:\loym2\白猪G2.5_0518_lua_plain_readable_20260710_014719\core64\mir2.scenes.main.ui.lua,D:\loym2\很早的原始客户端明文\mir2\mir2.scenes.main.ui.lua,2427,0,247,True,True,True,True,scope-safe-readable-fallback
core64,mir2.single.yaya,D:\loym2\白猪G2.5 0518离线[必须更新]\dec\core64_dec_还原\mir2.single.yaya,D:\loym2\白猪G2.5_0518_lua_plain_readable_20260710_014719\core64\mir2.single.yaya.lua,D:\loym2\很早的原始客户端明文\mir2\mir2.single.yaya.lua,257,0,94,True,True,True,True,function-local-readable+method-sugar
mir2,an.ui.label,D:\loym2\白猪G2.5 0518离线[必须更新]\dec\mir2_dec_还原\an.ui.label,D:\loym2\白猪G2.5_0518_lua_plain_readable_20260710_014719\mir2\an.ui.label.lua,D:\loym2\很早的原始客户端明文\an\an.ui.label.lua,713,0,165,True,True,True,True,function-local-readable+method-sugar
mir2,mir.def.zz,D:\loym2\白猪G2.5 0518离线[必须更新]\dec\mir2_dec_还原\mir.def.zz,D:\loym2\白猪G2.5_0518_lua_plain_readable_20260710_014719\mir2\mir.def.zz.lua,,310,0,76,True,True,True,True,function-local-readable+method-sugar
mir2,mir2.app,D:\loym2\白猪G2.5 0518离线[必须更新]\dec\mir2_dec_还原\mir2.app,D:\loym2\白猪G2.5_0518_lua_plain_readable_20260710_014719\mir2\mir2.app.lua,D:\loym2\很早的原始客户端明文\mir2\mir2.app.lua,32,0,12,True,True,True,True,function-local-readable+method-sugar
mir2,mir2.bz.functions,D:\loym2\白猪G2.5 0518离线[必须更新]\dec\mir2_dec_还原\mir2.bz.functions,D:\loym2\白猪G2.5_0518_lua_plain_readable_20260710_014719\mir2\mir2.bz.functions.lua,,2010,0,489,True,True,True,True,scoped-readable+method-sugar
mir2,mir2.cc,D:\loym2\白猪G2.5 0518离线[必须更新]\dec\mir2_dec_还原\mir2.cc,D:\loym2\白猪G2.5_0518_lua_plain_readable_20260710_014719\mir2\mir2.cc.lua,,487,0,122,True,True,True,True,scoped-readable+method-sugar
mir2,mir2.data.bag,D:\loym2\白猪G2.5 0518离线[必须更新]\dec\mir2_dec_还原\mir2.data.bag,D:\loym2\白猪G2.5_0518_lua_plain_readable_20260710_014719\mir2\mir2.data.bag.lua,D:\loym2\很早的原始客户端明文\mir2\mir2.data.bag.lua,677,0,220,True,True,True,True,function-local-readable+method-sugar
mir2,mir2.data.bigmap,D:\loym2\白猪G2.5 0518离线[必须更新]\dec\mir2_dec_还原\mir2.data.bigmap,D:\loym2\白猪G2.5_0518_lua_plain_readable_20260710_014719\mir2\mir2.data.bigmap.lua,D:\loym2\很早的原始客户端明文\mir2\mir2.data.bigmap.lua,0,0,0,True,True,True,True,function-local-readable+method-sugar
mir2,mir2.data.chat,D:\loym2\白猪G2.5 0518离线[必须更新]\dec\mir2_dec_还原\mir2.data.chat,D:\loym2\白猪G2.5_0518_lua_plain_readable_20260710_014719\mir2\mir2.data.chat.lua,D:\loym2\很早的原始客户端明文\mir2\mir2.data.chat.lua,257,0,84,True,True,True,True,function-local-readable+method-sugar
mir2,mir2.data.client,D:\loym2\白猪G2.5 0518离线[必须更新]\dec\mir2_dec_还原\mir2.data.client,D:\loym2\白猪G2.5_0518_lua_plain_readable_20260710_014719\mir2\mir2.data.client.lua,D:\loym2\很早的原始客户端明文\mir2\mir2.data.client.lua,109,0,49,True,True,True,True,function-local-readable+method-sugar
mir2,mir2.data.credit,D:\loym2\白猪G2.5 0518离线[必须更新]\dec\mir2_dec_还原\mir2.data.credit,D:\loym2\白猪G2.5_0518_lua_plain_readable_20260710_014719\mir2\mir2.data.credit.lua,D:\loym2\很早的原始客户端明文\mir2\mir2.data.credit.lua,4,0,2,True,True,True,True,function-local-readable+method-sugar
mir2,mir2.data.equip,D:\loym2\白猪G2.5 0518离线[必须更新]\dec\mir2_dec_还原\mir2.data.equip,D:\loym2\白猪G2.5_0518_lua_plain_readable_20260710_014719\mir2\mir2.data.equip.lua,D:\loym2\很早的原始客户端明文\mir2\mir2.data.equip.lua,157,0,60,True,True,True,True,function-local-readable+method-sugar
mir2,mir2.data.guild,D:\loym2\白猪G2.5 0518离线[必须更新]\dec\mir2_dec_还原\mir2.data.guild,D:\loym2\白猪G2.5_0518_lua_plain_readable_20260710_014719\mir2\mir2.data.guild.lua,D:\loym2\很早的原始客户端明文\mir2\mir2.data.guild.lua,442,0,156,True,True,True,True,function-local-readable+method-sugar
mir2,mir2.data.hero,D:\loym2\白猪G2.5 0518离线[必须更新]\dec\mir2_dec_还原\mir2.data.hero,D:\loym2\白猪G2.5_0518_lua_plain_readable_20260710_014719\mir2\mir2.data.hero.lua,D:\loym2\很早的原始客户端明文\mir2\mir2.data.hero.lua,152,0,58,True,True,True,True,function-local-readable+method-sugar
mir2,mir2.data.heroBag,D:\loym2\白猪G2.5 0518离线[必须更新]\dec\mir2_dec_还原\mir2.data.heroBag,D:\loym2\白猪G2.5_0518_lua_plain_readable_20260710_014719\mir2\mir2.data.heroBag.lua,D:\loym2\很早的原始客户端明文\mir2\mir2.data.heroBag.lua,0,0,0,True,True,True,True,function-local-readable+method-sugar
mir2,mir2.data.heroEquip,D:\loym2\白猪G2.5 0518离线[必须更新]\dec\mir2_dec_还原\mir2.data.heroEquip,D:\loym2\白猪G2.5_0518_lua_plain_readable_20260710_014719\mir2\mir2.data.heroEquip.lua,D:\loym2\很早的原始客户端明文\mir2\mir2.data.heroEquip.lua,0,0,0,True,True,True,True,function-local-readable+method-sugar
mir2,mir2.data.hotKey,D:\loym2\白猪G2.5 0518离线[必须更新]\dec\mir2_dec_还原\mir2.data.hotKey,D:\loym2\白猪G2.5_0518_lua_plain_readable_20260710_014719\mir2\mir2.data.hotKey.lua,D:\loym2\很早的原始客户端明文\mir2\mir2.data.hotKey.lua,0,0,0,True,True,True,True,function-local-readable+method-sugar
mir2,mir2.data.init,D:\loym2\白猪G2.5 0518离线[必须更新]\dec\mir2_dec_还原\mir2.data.init,D:\loym2\白猪G2.5_0518_lua_plain_readable_20260710_014719\mir2\mir2.data.init.lua,D:\loym2\很早的原始客户端明文\mir2\mir2.data.init.lua,0,0,0,True,True,True,True,function-local-readable+method-sugar
mir2,mir2.data.login,D:\loym2\白猪G2.5 0518离线[必须更新]\dec\mir2_dec_还原\mir2.data.login,D:\loym2\白猪G2.5_0518_lua_plain_readable_20260710_014719\mir2\mir2.data.login.lua,D:\loym2\很早的原始客户端明文\mir2\mir2.data.login.lua,0,0,0,True,True,True,True,function-local-readable+method-sugar
mir2,mir2.data.mail,D:\loym2\白猪G2.5 0518离线[必须更新]\dec\mir2_dec_还原\mir2.data.mail,D:\loym2\白猪G2.5_0518_lua_plain_readable_20260710_014719\mir2\mir2.data.mail.lua,D:\loym2\很早的原始客户端明文\mir2\mir2.data.mail.lua,0,0,0,True,True,True,True,function-local-readable+method-sugar
mir2,mir2.data.map,D:\loym2\白猪G2.5 0518离线[必须更新]\dec\mir2_dec_还原\mir2.data.map,D:\loym2\白猪G2.5_0518_lua_plain_readable_20260710_014719\mir2\mir2.data.map.lua,D:\loym2\很早的原始客户端明文\mir2\mir2.data.map.lua,0,0,0,True,True,True,True,function-local-readable+method-sugar
mir2,mir2.data.mark,D:\loym2\白猪G2.5 0518离线[必须更新]\dec\mir2_dec_还原\mir2.data.mark,D:\loym2\白猪G2.5_0518_lua_plain_readable_20260710_014719\mir2\mir2.data.mark.lua,D:\loym2\很早的原始客户端明文\mir2\mir2.data.mark.lua,119,0,41,True,True,True,True,function-local-readable+method-sugar
mir2,mir2.data.mixingDrug,D:\loym2\白猪G2.5 0518离线[必须更新]\dec\mir2_dec_还原\mir2.data.mixingDrug,D:\loym2\白猪G2.5_0518_lua_plain_readable_20260710_014719\mir2\mir2.data.mixingDrug.lua,D:\loym2\很早的原始客户端明文\mir2\mir2.data.mixingDrug.lua,0,0,0,True,True,True,True,function-local-readable+method-sugar
mir2,mir2.data.player,D:\loym2\白猪G2.5 0518离线[必须更新]\dec\mir2_dec_还原\mir2.data.player,D:\loym2\白猪G2.5_0518_lua_plain_readable_20260710_014719\mir2\mir2.data.player.lua,D:\loym2\很早的原始客户端明文\mir2\mir2.data.player.lua,950,0,308,True,True,True,True,function-local-readable+method-sugar
mir2,mir2.data.relation,D:\loym2\白猪G2.5 0518离线[必须更新]\dec\mir2_dec_还原\mir2.data.relation,D:\loym2\白猪G2.5_0518_lua_plain_readable_20260710_014719\mir2\mir2.data.relation.lua,D:\loym2\很早的原始客户端明文\mir2\mir2.data.relation.lua,0,0,0,True,True,True,True,function-local-readable+method-sugar
mir2,mir2.data.security,D:\loym2\白猪G2.5 0518离线[必须更新]\dec\mir2_dec_还原\mir2.data.security,D:\loym2\白猪G2.5_0518_lua_plain_readable_20260710_014719\mir2\mir2.data.security.lua,D:\loym2\很早的原始客户端明文\mir2\mir2.data.security.lua,0,0,0,True,True,True,True,function-local-readable+method-sugar
mir2,mir2.data.select,D:\loym2\白猪G2.5 0518离线[必须更新]\dec\mir2_dec_还原\mir2.data.select,D:\loym2\白猪G2.5_0518_lua_plain_readable_20260710_014719\mir2\mir2.data.select.lua,D:\loym2\很早的原始客户端明文\mir2\mir2.data.select.lua,386,0,132,True,True,True,True,scope-safe-readable-fallback
mir2,mir2.data.serialize,D:\loym2\白猪G2.5 0518离线[必须更新]\dec\mir2_dec_还原\mir2.data.serialize,D:\loym2\白猪G2.5_0518_lua_plain_readable_20260710_014719\mir2\mir2.data.serialize.lua,D:\loym2\很早的原始客户端明文\mir2\mir2.data.serialize.lua,0,0,0,True,True,True,True,function-local-readable+method-sugar
mir2,mir2.data.serverConfig,D:\loym2\白猪G2.5 0518离线[必须更新]\dec\mir2_dec_还原\mir2.data.serverConfig,D:\loym2\白猪G2.5_0518_lua_plain_readable_20260710_014719\mir2\mir2.data.serverConfig.lua,D:\loym2\很早的原始客户端明文\mir2\mir2.data.serverConfig.lua,0,0,0,True,True,True,True,function-local-readable+method-sugar
mir2,mir2.data.shop,D:\loym2\白猪G2.5 0518离线[必须更新]\dec\mir2_dec_还原\mir2.data.shop,D:\loym2\白猪G2.5_0518_lua_plain_readable_20260710_014719\mir2\mir2.data.shop.lua,D:\loym2\很早的原始客户端明文\mir2\mir2.data.shop.lua,277,0,87,True,True,True,True,function-local-readable+method-sugar
mir2,mir2.data.stall,D:\loym2\白猪G2.5 0518离线[必须更新]\dec\mir2_dec_还原\mir2.data.stall,D:\loym2\白猪G2.5_0518_lua_plain_readable_20260710_014719\mir2\mir2.data.stall.lua,D:\loym2\很早的原始客户端明文\mir2\mir2.data.stall.lua,0,0,0,True,True,True,True,function-local-readable+method-sugar
mir2,mir2.data.stallOther,D:\loym2\白猪G2.5 0518离线[必须更新]\dec\mir2_dec_还原\mir2.data.stallOther,D:\loym2\白猪G2.5_0518_lua_plain_readable_20260710_014719\mir2\mir2.data.stallOther.lua,D:\loym2\很早的原始客户端明文\mir2\mir2.data.stallOther.lua,0,0,0,True,True,True,True,function-local-readable+method-sugar
mir2,mir2.data.voice,D:\loym2\白猪G2.5 0518离线[必须更新]\dec\mir2_dec_还原\mir2.data.voice,D:\loym2\白猪G2.5_0518_lua_plain_readable_20260710_014719\mir2\mir2.data.voice.lua,D:\loym2\很早的原始客户端明文\mir2\mir2.data.voice.lua,0,0,0,True,True,True,True,function-local-readable+method-sugar
mir2,mir2.data.ybdeal,D:\loym2\白猪G2.5 0518离线[必须更新]\dec\mir2_dec_还原\mir2.data.ybdeal,D:\loym2\白猪G2.5_0518_lua_plain_readable_20260710_014719\mir2\mir2.data.ybdeal.lua,D:\loym2\很早的原始客户端明文\mir2\mir2.data.ybdeal.lua,0,0,0,True,True,True,True,function-local-readable+method-sugar
mir2,mir2.def.bigmap,D:\loym2\白猪G2.5 0518离线[必须更新]\dec\mir2_dec_还原\mir2.def.bigmap,D:\loym2\白猪G2.5_0518_lua_plain_readable_20260710_014719\mir2\mir2.def.bigmap.lua,D:\loym2\很早的原始客户端明文\mir2\mir2.def.bigmap.lua,0,0,0,True,True,True,True,function-local-readable+method-sugar
mir2,mir2.def.bzinit,D:\loym2\白猪G2.5 0518离线[必须更新]\dec\mir2_dec_还原\mir2.def.bzinit,D:\loym2\白猪G2.5_0518_lua_plain_readable_20260710_014719\mir2\mir2.def.bzinit.lua,D:\loym2\很早的原始客户端明文\mir2\mir2.def.init.lua,12727,0,2526,True,True,True,True,scope-safe-readable-fallback
mir2,mir2.def.cmds,D:\loym2\白猪G2.5 0518离线[必须更新]\dec\mir2_dec_还原\mir2.def.cmds,D:\loym2\白猪G2.5_0518_lua_plain_readable_20260710_014719\mir2\mir2.def.cmds.lua,D:\loym2\很早的原始客户端明文\mir2\mir2.def.cmds.lua,0,0,0,True,True,True,True,function-local-readable+method-sugar
mir2,mir2.def.colors,D:\loym2\白猪G2.5 0518离线[必须更新]\dec\mir2_dec_还原\mir2.def.colors,D:\loym2\白猪G2.5_0518_lua_plain_readable_20260710_014719\mir2\mir2.def.colors.lua,D:\loym2\很早的原始客户端明文\mir2\mir2.def.colors.lua,0,0,0,True,True,True,True,function-local-readable+method-sugar
mir2,mir2.def.globa1,D:\loym2\白猪G2.5 0518离线[必须更新]\dec\mir2_dec_还原\mir2.def.globa1,D:\loym2\白猪G2.5_0518_lua_plain_readable_20260710_014719\mir2\mir2.def.globa1.lua,D:\loym2\很早的原始客户端明文\mir2\mir2.def.globa1.lua,0,0,0,True,True,True,True,function-local-readable+method-sugar
mir2,mir2.def.globa2,D:\loym2\白猪G2.5 0518离线[必须更新]\dec\mir2_dec_还原\mir2.def.globa2,D:\loym2\白猪G2.5_0518_lua_plain_readable_20260710_014719\mir2\mir2.def.globa2.lua,D:\loym2\很早的原始客户端明文\mir2\mir2.def.globa2.lua,761,0,135,True,True,True,True,function-local-readable+method-sugar
mir2,mir2.def.globa3,D:\loym2\白猪G2.5 0518离线[必须更新]\dec\mir2_dec_还原\mir2.def.globa3,D:\loym2\白猪G2.5_0518_lua_plain_readable_20260710_014719\mir2\mir2.def.globa3.lua,D:\loym2\很早的原始客户端明文\mir2\mir2.def.globa3.lua,429,0,109,True,True,True,True,function-local-readable+method-sugar
mir2,mir2.def.gmCmd,D:\loym2\白猪G2.5 0518离线[必须更新]\dec\mir2_dec_还原\mir2.def.gmCmd,D:\loym2\白猪G2.5_0518_lua_plain_readable_20260710_014719\mir2\mir2.def.gmCmd.lua,D:\loym2\很早的原始客户端明文\mir2\mir2.def.gmCmd.lua,0,0,0,True,True,True,True,function-local-readable+method-sugar
mir2,mir2.def.guild,D:\loym2\白猪G2.5 0518离线[必须更新]\dec\mir2_dec_还原\mir2.def.guild,D:\loym2\白猪G2.5_0518_lua_plain_readable_20260710_014719\mir2\mir2.def.guild.lua,D:\loym2\很早的原始客户端明文\mir2\mir2.def.guild.lua,0,0,0,True,True,True,True,function-local-readable+method-sugar
mir2,mir2.def.init,D:\loym2\白猪G2.5 0518离线[必须更新]\dec\mir2_dec_还原\mir2.def.init,D:\loym2\白猪G2.5_0518_lua_plain_readable_20260710_014719\mir2\mir2.def.init.lua,D:\loym2\很早的原始客户端明文\mir2\mir2.def.init.lua,55,0,22,True,True,True,True,function-local-readable+method-sugar
mir2,mir2.def.itemdesc,D:\loym2\白猪G2.5 0518离线[必须更新]\dec\mir2_dec_还原\mir2.def.itemdesc,D:\loym2\白猪G2.5_0518_lua_plain_readable_20260710_014719\mir2\mir2.def.itemdesc.lua,D:\loym2\很早的原始客户端明文\mir2\mir2.def.itemdesc.lua,0,0,0,True,True,True,True,function-local-readable+method-sugar
mir2,mir2.def.items,D:\loym2\白猪G2.5 0518离线[必须更新]\dec\mir2_dec_还原\mir2.def.items,D:\loym2\白猪G2.5_0518_lua_plain_readable_20260710_014719\mir2\mir2.def.items.lua,D:\loym2\很早的原始客户端明文\mir2\mir2.def.items.lua,200,0,40,True,True,True,True,scoped-readable+method-sugar
mir2,mir2.def.magic,D:\loym2\白猪G2.5 0518离线[必须更新]\dec\mir2_dec_还原\mir2.def.magic,D:\loym2\白猪G2.5_0518_lua_plain_readable_20260710_014719\mir2\mir2.def.magic.lua,D:\loym2\很早的原始客户端明文\mir2\mir2.def.magic.lua,127,0,27,True,True,True,True,function-local-readable+method-sugar
mir2,mir2.def.map,D:\loym2\白猪G2.5 0518离线[必须更新]\dec\mir2_dec_还原\mir2.def.map,D:\loym2\白猪G2.5_0518_lua_plain_readable_20260710_014719\mir2\mir2.def.map.lua,D:\loym2\很早的原始客户端明文\mir2\mir2.def.map.lua,81,0,26,True,True,True,True,function-local-readable+method-sugar
mir2,mir2.def.operate,D:\loym2\白猪G2.5 0518离线[必须更新]\dec\mir2_dec_还原\mir2.def.operate,D:\loym2\白猪G2.5_0518_lua_plain_readable_20260710_014719\mir2\mir2.def.operate.lua,D:\loym2\很早的原始客户端明文\mir2\mir2.def.operate.lua,0,0,0,True,True,True,True,function-local-readable+method-sugar
mir2,mir2.def.perload,D:\loym2\白猪G2.5 0518离线[必须更新]\dec\mir2_dec_还原\mir2.def.perload,D:\loym2\白猪G2.5_0518_lua_plain_readable_20260710_014719\mir2\mir2.def.perload.lua,D:\loym2\很早的原始客户端明文\mir2\mir2.def.perload.lua,0,0,0,True,True,True,True,function-local-readable+method-sugar
mir2,mir2.def.setting,D:\loym2\白猪G2.5 0518离线[必须更新]\dec\mir2_dec_还原\mir2.def.setting,D:\loym2\白猪G2.5_0518_lua_plain_readable_20260710_014719\mir2\mir2.def.setting.lua,,0,0,0,True,True,True,True,function-local-readable+method-sugar
mir2,mir2.def.skill,D:\loym2\白猪G2.5 0518离线[必须更新]\dec\mir2_dec_还原\mir2.def.skill,D:\loym2\白猪G2.5_0518_lua_plain_readable_20260710_014719\mir2\mir2.def.skill.lua,D:\loym2\很早的原始客户端明文\mir2\mir2.def.skill.lua,19,0,6,True,True,True,True,function-local-readable+method-sugar
mir2,mir2.def.skilldesc,D:\loym2\白猪G2.5 0518离线[必须更新]\dec\mir2_dec_还原\mir2.def.skilldesc,D:\loym2\白猪G2.5_0518_lua_plain_readable_20260710_014719\mir2\mir2.def.skilldesc.lua,D:\loym2\很早的原始客户端明文\mir2\mir2.def.skilldesc.lua,0,0,0,True,True,True,True,function-local-readable+method-sugar
mir2,mir2.def.state,D:\loym2\白猪G2.5 0518离线[必须更新]\dec\mir2_dec_还原\mir2.def.state,D:\loym2\白猪G2.5_0518_lua_plain_readable_20260710_014719\mir2\mir2.def.state.lua,D:\loym2\很早的原始客户端明文\mir2\mir2.def.state.lua,0,0,0,True,True,True,True,function-local-readable+method-sugar
mir2,mir2.def.titledesc,D:\loym2\白猪G2.5 0518离线[必须更新]\dec\mir2_dec_还原\mir2.def.titledesc,D:\loym2\白猪G2.5_0518_lua_plain_readable_20260710_014719\mir2\mir2.def.titledesc.lua,D:\loym2\很早的原始客户端明文\mir2\mir2.def.titledesc.lua,0,0,0,True,True,True,True,function-local-readable+method-sugar
mir2,mir2.def.wordfilter,D:\loym2\白猪G2.5 0518离线[必须更新]\dec\mir2_dec_还原\mir2.def.wordfilter,D:\loym2\白猪G2.5_0518_lua_plain_readable_20260710_014719\mir2\mir2.def.wordfilter.lua,D:\loym2\很早的原始客户端明文\mir2\mir2.def.wordfilter.lua,0,0,0,True,True,True,True,function-local-readable+method-sugar
mir2,mir2.gb2312,D:\loym2\白猪G2.5 0518离线[必须更新]\dec\mir2_dec_还原\mir2.gb2312,D:\loym2\白猪G2.5_0518_lua_plain_readable_20260710_014719\mir2\mir2.gb2312.lua,,0,0,0,True,True,True,True,function-local-readable+method-sugar
mir2,mir2.helperScript.clickedHelper,D:\loym2\白猪G2.5 0518离线[必须更新]\dec\mir2_dec_还原\mir2.helperScript.clickedHelper,D:\loym2\白猪G2.5_0518_lua_plain_readable_20260710_014719\mir2\mir2.helperScript.clickedHelper.lua,D:\loym2\很早的原始客户端明文\mir2\mir2.helperScript.clickedHelper.lua,0,0,0,True,True,True,True,function-local-readable+method-sugar
mir2,mir2.helperScript.clickedShow,D:\loym2\白猪G2.5 0518离线[必须更新]\dec\mir2_dec_还原\mir2.helperScript.clickedShow,D:\loym2\白猪G2.5_0518_lua_plain_readable_20260710_014719\mir2\mir2.helperScript.clickedShow.lua,D:\loym2\很早的原始客户端明文\mir2\mir2.helperScript.clickedShow.lua,0,0,0,True,True,True,True,function-local-readable+method-sugar
mir2,mir2.helperScript.doc,D:\loym2\白猪G2.5 0518离线[必须更新]\dec\mir2_dec_还原\mir2.helperScript.doc,D:\loym2\白猪G2.5_0518_lua_plain_readable_20260710_014719\mir2\mir2.helperScript.doc.lua,D:\loym2\很早的原始客户端明文\mir2\mir2.helperScript.doc.lua,0,0,0,True,True,True,True,function-local-readable+method-sugar
mir2,mir2.helperScript.enterMap,D:\loym2\白猪G2.5 0518离线[必须更新]\dec\mir2_dec_还原\mir2.helperScript.enterMap,D:\loym2\白猪G2.5_0518_lua_plain_readable_20260710_014719\mir2\mir2.helperScript.enterMap.lua,D:\loym2\很早的原始客户端明文\mir2\mir2.helperScript.enterMap.lua,0,0,0,True,True,True,True,function-local-readable+method-sugar
mir2,mir2.helperScript.enterRegion,D:\loym2\白猪G2.5 0518离线[必须更新]\dec\mir2_dec_还原\mir2.helperScript.enterRegion,D:\loym2\白猪G2.5_0518_lua_plain_readable_20260710_014719\mir2\mir2.helperScript.enterRegion.lua,D:\loym2\很早的原始客户端明文\mir2\mir2.helperScript.enterRegion.lua,0,0,0,True,True,True,True,function-local-readable+method-sugar
mir2,mir2.helperScript.globalEvent,D:\loym2\白猪G2.5 0518离线[必须更新]\dec\mir2_dec_还原\mir2.helperScript.globalEvent,D:\loym2\白猪G2.5_0518_lua_plain_readable_20260710_014719\mir2\mir2.helperScript.globalEvent.lua,D:\loym2\很早的原始客户端明文\mir2\mir2.helperScript.globalEvent.lua,0,0,0,True,True,True,True,function-local-readable+method-sugar
mir2,mir2.helperScript.killedMonster,D:\loym2\白猪G2.5 0518离线[必须更新]\dec\mir2_dec_还原\mir2.helperScript.killedMonster,D:\loym2\白猪G2.5_0518_lua_plain_readable_20260710_014719\mir2\mir2.helperScript.killedMonster.lua,D:\loym2\很早的原始客户端明文\mir2\mir2.helperScript.killedMonster.lua,0,0,0,True,True,True,True,function-local-readable+method-sugar
mir2,mir2.helperScript.levelUp,D:\loym2\白猪G2.5 0518离线[必须更新]\dec\mir2_dec_还原\mir2.helperScript.levelUp,D:\loym2\白猪G2.5_0518_lua_plain_readable_20260710_014719\mir2\mir2.helperScript.levelUp.lua,D:\loym2\很早的原始客户端明文\mir2\mir2.helperScript.levelUp.lua,0,0,0,True,True,True,True,function-local-readable+method-sugar
mir2,mir2.helperScript.mod.CG,D:\loym2\白猪G2.5 0518离线[必须更新]\dec\mir2_dec_还原\mir2.helperScript.mod.CG,D:\loym2\白猪G2.5_0518_lua_plain_readable_20260710_014719\mir2\mir2.helperScript.mod.CG.lua,D:\loym2\很早的原始客户端明文\mir2\mir2.helperScript.mod.CG.lua,0,0,0,True,True,True,True,function-local-readable+method-sugar
mir2,mir2.helperScript.mod.equip,D:\loym2\白猪G2.5 0518离线[必须更新]\dec\mir2_dec_还原\mir2.helperScript.mod.equip,D:\loym2\白猪G2.5_0518_lua_plain_readable_20260710_014719\mir2\mir2.helperScript.mod.equip.lua,D:\loym2\很早的原始客户端明文\mir2\mir2.helperScript.mod.equip.lua,0,0,0,True,True,True,True,function-local-readable+method-sugar
mir2,mir2.helperScript.mod.init,D:\loym2\白猪G2.5 0518离线[必须更新]\dec\mir2_dec_还原\mir2.helperScript.mod.init,D:\loym2\白猪G2.5_0518_lua_plain_readable_20260710_014719\mir2\mir2.helperScript.mod.init.lua,D:\loym2\很早的原始客户端明文\mir2\mir2.helperScript.mod.init.lua,0,0,0,True,True,True,True,function-local-readable+method-sugar
mir2,mir2.helperScript.mod.newbee,D:\loym2\白猪G2.5 0518离线[必须更新]\dec\mir2_dec_还原\mir2.helperScript.mod.newbee,D:\loym2\白猪G2.5_0518_lua_plain_readable_20260710_014719\mir2\mir2.helperScript.mod.newbee.lua,D:\loym2\很早的原始客户端明文\mir2\mir2.helperScript.mod.newbee.lua,0,0,0,True,True,True,True,function-local-readable+method-sugar
mir2,mir2.helperScript.mod.skill,D:\loym2\白猪G2.5 0518离线[必须更新]\dec\mir2_dec_还原\mir2.helperScript.mod.skill,D:\loym2\白猪G2.5_0518_lua_plain_readable_20260710_014719\mir2\mir2.helperScript.mod.skill.lua,D:\loym2\很早的原始客户端明文\mir2\mir2.helperScript.mod.skill.lua,0,0,0,True,True,True,True,function-local-readable+method-sugar
mir2,mir2.helperScript.mod.test,D:\loym2\白猪G2.5 0518离线[必须更新]\dec\mir2_dec_还原\mir2.helperScript.mod.test,D:\loym2\白猪G2.5_0518_lua_plain_readable_20260710_014719\mir2\mir2.helperScript.mod.test.lua,D:\loym2\很早的原始客户端明文\mir2\mir2.helperScript.mod.test.lua,0,0,0,True,True,True,True,function-local-readable+method-sugar
mir2,mir2.helperScript.newItem,D:\loym2\白猪G2.5 0518离线[必须更新]\dec\mir2_dec_还原\mir2.helperScript.newItem,D:\loym2\白猪G2.5_0518_lua_plain_readable_20260710_014719\mir2\mir2.helperScript.newItem.lua,D:\loym2\很早的原始客户端明文\mir2\mir2.helperScript.newItem.lua,0,0,0,True,True,True,True,function-local-readable+method-sugar
mir2,mir2.helperScript.newSkill,D:\loym2\白猪G2.5 0518离线[必须更新]\dec\mir2_dec_还原\mir2.helperScript.newSkill,D:\loym2\白猪G2.5_0518_lua_plain_readable_20260710_014719\mir2\mir2.helperScript.newSkill.lua,D:\loym2\很早的原始客户端明文\mir2\mir2.helperScript.newSkill.lua,0,0,0,True,True,True,True,function-local-readable+method-sugar
mir2,mir2.helperScript.openPanel,D:\loym2\白猪G2.5 0518离线[必须更新]\dec\mir2_dec_还原\mir2.helperScript.openPanel,D:\loym2\白猪G2.5_0518_lua_plain_readable_20260710_014719\mir2\mir2.helperScript.openPanel.lua,D:\loym2\很早的原始客户端明文\mir2\mir2.helperScript.openPanel.lua,0,0,0,True,True,True,True,function-local-readable+method-sugar
mir2,mir2.init,D:\loym2\白猪G2.5 0518离线[必须更新]\dec\mir2_dec_还原\mir2.init,D:\loym2\白猪G2.5_0518_lua_plain_readable_20260710_014719\mir2\mir2.init.lua,D:\loym2\很早的原始客户端明文\mir2\mir2.init.lua,205,0,62,True,True,True,True,scoped-readable+method-sugar
mir2,mir2.loongsRingBtn,D:\loym2\白猪G2.5 0518离线[必须更新]\dec\mir2_dec_还原\mir2.loongsRingBtn,D:\loym2\白猪G2.5_0518_lua_plain_readable_20260710_014719\mir2\mir2.loongsRingBtn.lua,D:\loym2\很早的原始客户端明文\mir2\mir2.loongsRingBtn.lua,0,0,0,True,True,True,True,function-local-readable+method-sugar
mir2,mir2.scenes.baseScene,D:\loym2\白猪G2.5 0518离线[必须更新]\dec\mir2_dec_还原\mir2.scenes.baseScene,D:\loym2\白猪G2.5_0518_lua_plain_readable_20260710_014719\mir2\mir2.scenes.baseScene.lua,D:\loym2\很早的原始客户端明文\mir2\mir2.scenes.baseScene.lua,0,0,0,True,True,True,True,function-local-readable+method-sugar
mir2,mir2.scenes.bz.scene,D:\loym2\白猪G2.5 0518离线[必须更新]\dec\mir2_dec_还原\mir2.scenes.bz.scene,D:\loym2\白猪G2.5_0518_lua_plain_readable_20260710_014719\mir2\mir2.scenes.bz.scene.lua,,102,0,23,True,True,True,True,scoped-readable+method-sugar
mir2,mir2.scenes.login.areas,D:\loym2\白猪G2.5 0518离线[必须更新]\dec\mir2_dec_还原\mir2.scenes.login.areas,D:\loym2\白猪G2.5_0518_lua_plain_readable_20260710_014719\mir2\mir2.scenes.login.areas.lua,D:\loym2\很早的原始客户端明文\mir2\mir2.scenes.login.areas.lua,813,0,166,True,True,True,True,function-local-readable+method-sugar
mir2,mir2.scenes.login.door,D:\loym2\白猪G2.5 0518离线[必须更新]\dec\mir2_dec_还原\mir2.scenes.login.door,D:\loym2\白猪G2.5_0518_lua_plain_readable_20260710_014719\mir2\mir2.scenes.login.door.lua,D:\loym2\很早的原始客户端明文\mir2\mir2.scenes.login.door.lua,111,0,20,True,True,True,True,scoped-readable+method-sugar
mir2,mir2.scenes.login.login,D:\loym2\白猪G2.5 0518离线[必须更新]\dec\mir2_dec_还原\mir2.scenes.login.login,D:\loym2\白猪G2.5_0518_lua_plain_readable_20260710_014719\mir2\mir2.scenes.login.login.lua,D:\loym2\很早的原始客户端明文\mir2\mir2.scenes.login.login.lua,700,0,157,True,True,True,True,function-local-readable+method-sugar
mir2,mir2.scenes.login.loginer,D:\loym2\白猪G2.5 0518离线[必须更新]\dec\mir2_dec_还原\mir2.scenes.login.loginer,D:\loym2\白猪G2.5_0518_lua_plain_readable_20260710_014719\mir2\mir2.scenes.login.loginer.lua,D:\loym2\很早的原始客户端明文\mir2\mir2.scenes.login.loginer.lua,211,0,68,True,True,True,True,function-local-readable+method-sugar
mir2,mir2.scenes.login.scene,D:\loym2\白猪G2.5 0518离线[必须更新]\dec\mir2_dec_还原\mir2.scenes.login.scene,D:\loym2\白猪G2.5_0518_lua_plain_readable_20260710_014719\mir2\mir2.scenes.login.scene.lua,D:\loym2\很早的原始客户端明文\mir2\mir2.scenes.login.scene.lua,345,0,82,True,True,True,True,function-local-readable+method-sugar
mir2,mir2.scenes.main.common.chatItem,D:\loym2\白猪G2.5 0518离线[必须更新]\dec\mir2_dec_还原\mir2.scenes.main.common.chatItem,D:\loym2\白猪G2.5_0518_lua_plain_readable_20260710_014719\mir2\mir2.scenes.main.common.chatItem.lua,D:\loym2\很早的原始客户端明文\mir2\mir2.scenes.main.common.chatItem.lua,0,0,0,True,True,True,True,function-local-readable+method-sugar
mir2,mir2.scenes.main.common.chatPic,D:\loym2\白猪G2.5 0518离线[必须更新]\dec\mir2_dec_还原\mir2.scenes.main.common.chatPic,D:\loym2\白猪G2.5_0518_lua_plain_readable_20260710_014719\mir2\mir2.scenes.main.common.chatPic.lua,D:\loym2\很早的原始客户端明文\mir2\mir2.scenes.main.common.chatPic.lua,0,0,0,True,True,True,True,function-local-readable+method-sugar
mir2,mir2.scenes.main.common.chatPos,D:\loym2\白猪G2.5 0518离线[必须更新]\dec\mir2_dec_还原\mir2.scenes.main.common.chatPos,D:\loym2\白猪G2.5_0518_lua_plain_readable_20260710_014719\mir2\mir2.scenes.main.common.chatPos.lua,D:\loym2\很早的原始客户端明文\mir2\mir2.scenes.main.common.chatPos.lua,0,0,0,True,True,True,True,function-local-readable+method-sugar
mir2,mir2.scenes.main.common.diyBtn,D:\loym2\白猪G2.5 0518离线[必须更新]\dec\mir2_dec_还原\mir2.scenes.main.common.diyBtn,D:\loym2\白猪G2.5_0518_lua_plain_readable_20260710_014719\mir2\mir2.scenes.main.common.diyBtn.lua,D:\loym2\很早的原始客户端明文\mir2\mir2.scenes.main.common.diyBtn.lua,0,0,0,True,True,True,True,function-local-readable+method-sugar
mir2,mir2.scenes.main.common.emojiChoose,D:\loym2\白猪G2.5 0518离线[必须更新]\dec\mir2_dec_还原\mir2.scenes.main.common.emojiChoose,D:\loym2\白猪G2.5_0518_lua_plain_readable_20260710_014719\mir2\mir2.scenes.main.common.emojiChoose.lua,D:\loym2\很早的原始客户端明文\mir2\mir2.scenes.main.common.emojiChoose.lua,0,0,0,True,True,True,True,function-local-readable+method-sugar
mir2,mir2.scenes.main.common.helper.dummy,D:\loym2\白猪G2.5 0518离线[必须更新]\dec\mir2_dec_还原\mir2.scenes.main.common.helper.dummy,D:\loym2\白猪G2.5_0518_lua_plain_readable_20260710_014719\mir2\mir2.scenes.main.common.helper.dummy.lua,D:\loym2\很早的原始客户端明文\mir2\mir2.scenes.main.common.helper.dummy.lua,0,0,0,True,True,True,True,function-local-readable+method-sugar
mir2,mir2.scenes.main.common.helper.guide,D:\loym2\白猪G2.5 0518离线[必须更新]\dec\mir2_dec_还原\mir2.scenes.main.common.helper.guide,D:\loym2\白猪G2.5_0518_lua_plain_readable_20260710_014719\mir2\mir2.scenes.main.common.helper.guide.lua,D:\loym2\很早的原始客户端明文\mir2\mir2.scenes.main.common.helper.guide.lua,0,0,0,True,True,True,True,function-local-readable+method-sugar
mir2,mir2.scenes.main.common.helper.helper,D:\loym2\白猪G2.5 0518离线[必须更新]\dec\mir2_dec_还原\mir2.scenes.main.common.helper.helper,D:\loym2\白猪G2.5_0518_lua_plain_readable_20260710_014719\mir2\mir2.scenes.main.common.helper.helper.lua,D:\loym2\很早的原始客户端明文\mir2\mir2.scenes.main.common.helper.helper.lua,0,0,0,True,True,True,True,function-local-readable+method-sugar
mir2,mir2.scenes.main.common.helper.scriptRunner,D:\loym2\白猪G2.5 0518离线[必须更新]\dec\mir2_dec_还原\mir2.scenes.main.common.helper.scriptRunner,D:\loym2\白猪G2.5_0518_lua_plain_readable_20260710_014719\mir2\mir2.scenes.main.common.helper.scriptRunner.lua,D:\loym2\很早的原始客户端明文\mir2\mir2.scenes.main.common.helper.scriptRunner.lua,0,0,0,True,True,True,True,function-local-readable+method-sugar
mir2,mir2.scenes.main.common.helper.stage,D:\loym2\白猪G2.5 0518离线[必须更新]\dec\mir2_dec_还原\mir2.scenes.main.common.helper.stage,D:\loym2\白猪G2.5_0518_lua_plain_readable_20260710_014719\mir2\mir2.scenes.main.common.helper.stage.lua,D:\loym2\很早的原始客户端明文\mir2\mir2.scenes.main.common.helper.stage.lua,0,0,0,True,True,True,True,function-local-readable+method-sugar
mir2,mir2.scenes.main.common.helper.util,D:\loym2\白猪G2.5 0518离线[必须更新]\dec\mir2_dec_还原\mir2.scenes.main.common.helper.util,D:\loym2\白猪G2.5_0518_lua_plain_readable_20260710_014719\mir2\mir2.scenes.main.common.helper.util.lua,D:\loym2\很早的原始客户端明文\mir2\mir2.scenes.main.common.helper.util.lua,0,0,0,True,True,True,True,function-local-readable+method-sugar
mir2,mir2.scenes.main.common.helper.videoPlayer,D:\loym2\白猪G2.5 0518离线[必须更新]\dec\mir2_dec_还原\mir2.scenes.main.common.helper.videoPlayer,D:\loym2\白猪G2.5_0518_lua_plain_readable_20260710_014719\mir2\mir2.scenes.main.common.helper.videoPlayer.lua,D:\loym2\很早的原始客户端明文\mir2\mir2.scenes.main.common.helper.videoPlayer.lua,0,0,0,True,True,True,True,function-local-readable+method-sugar
mir2,mir2.scenes.main.common.keyboardEx,D:\loym2\白猪G2.5 0518离线[必须更新]\dec\mir2_dec_还原\mir2.scenes.main.common.keyboardEx,D:\loym2\白猪G2.5_0518_lua_plain_readable_20260710_014719\mir2\mir2.scenes.main.common.keyboardEx.lua,D:\loym2\很早的原始客户端明文\mir2\mir2.scenes.main.common.keyboardEx.lua,13,0,5,True,True,True,True,function-local-readable+method-sugar
mir2,mir2.scenes.main.common.lblInfo,D:\loym2\白猪G2.5 0518离线[必须更新]\dec\mir2_dec_还原\mir2.scenes.main.common.lblInfo,D:\loym2\白猪G2.5_0518_lua_plain_readable_20260710_014719\mir2\mir2.scenes.main.common.lblInfo.lua,,56,0,14,True,True,True,True,function-local-readable+method-sugar
mir2,mir2.scenes.main.common.messageBox,D:\loym2\白猪G2.5 0518离线[必须更新]\dec\mir2_dec_还原\mir2.scenes.main.common.messageBox,D:\loym2\白猪G2.5_0518_lua_plain_readable_20260710_014719\mir2\mir2.scenes.main.common.messageBox.lua,D:\loym2\很早的原始客户端明文\mir2\mir2.scenes.main.common.messageBox.lua,0,0,0,True,True,True,True,function-local-readable+method-sugar
mir2,mir2.scenes.main.common.picListenner,D:\loym2\白猪G2.5 0518离线[必须更新]\dec\mir2_dec_还原\mir2.scenes.main.common.picListenner,D:\loym2\白猪G2.5_0518_lua_plain_readable_20260710_014719\mir2\mir2.scenes.main.common.picListenner.lua,D:\loym2\很早的原始客户端明文\mir2\mir2.scenes.main.common.picListenner.lua,0,0,0,True,True,True,True,function-local-readable+method-sugar
mir2,mir2.scenes.main.common.plugCheck,D:\loym2\白猪G2.5 0518离线[必须更新]\dec\mir2_dec_还原\mir2.scenes.main.common.plugCheck,D:\loym2\白猪G2.5_0518_lua_plain_readable_20260710_014719\mir2\mir2.scenes.main.common.plugCheck.lua,D:\loym2\很早的原始客户端明文\mir2\mir2.scenes.main.common.plugCheck.lua,0,0,0,True,True,True,True,function-local-readable+method-sugar
mir2,mir2.scenes.main.common.textInfo,D:\loym2\白猪G2.5 0518离线[必须更新]\dec\mir2_dec_还原\mir2.scenes.main.common.textInfo,D:\loym2\白猪G2.5_0518_lua_plain_readable_20260710_014719\mir2\mir2.scenes.main.common.textInfo.lua,D:\loym2\很早的原始客户端明文\mir2\mir2.scenes.main.common.textInfo.lua,253,0,55,True,True,True,True,function-local-readable+method-sugar
mir2,mir2.scenes.main.common.titleInfo,D:\loym2\白猪G2.5 0518离线[必须更新]\dec\mir2_dec_还原\mir2.scenes.main.common.titleInfo,D:\loym2\白猪G2.5_0518_lua_plain_readable_20260710_014719\mir2\mir2.scenes.main.common.titleInfo.lua,D:\loym2\很早的原始客户端明文\mir2\mir2.scenes.main.common.titleInfo.lua,153,0,19,True,True,True,True,function-local-readable+method-sugar
mir2,mir2.scenes.main.common.voiceBtn,D:\loym2\白猪G2.5 0518离线[必须更新]\dec\mir2_dec_还原\mir2.scenes.main.common.voiceBtn,D:\loym2\白猪G2.5_0518_lua_plain_readable_20260710_014719\mir2\mir2.scenes.main.common.voiceBtn.lua,D:\loym2\很早的原始客户端明文\mir2\mir2.scenes.main.common.voiceBtn.lua,0,0,0,True,True,True,True,function-local-readable+method-sugar
mir2,mir2.scenes.main.common.voiceListenner,D:\loym2\白猪G2.5 0518离线[必须更新]\dec\mir2_dec_还原\mir2.scenes.main.common.voiceListenner,D:\loym2\白猪G2.5_0518_lua_plain_readable_20260710_014719\mir2\mir2.scenes.main.common.voiceListenner.lua,D:\loym2\很早的原始客户端明文\mir2\mir2.scenes.main.common.voiceListenner.lua,0,0,0,True,True,True,True,function-local-readable+method-sugar
mir2,mir2.scenes.main.common.voiceTip,D:\loym2\白猪G2.5 0518离线[必须更新]\dec\mir2_dec_还原\mir2.scenes.main.common.voiceTip,D:\loym2\白猪G2.5_0518_lua_plain_readable_20260710_014719\mir2\mir2.scenes.main.common.voiceTip.lua,D:\loym2\很早的原始客户端明文\mir2\mir2.scenes.main.common.voiceTip.lua,0,0,0,True,True,True,True,function-local-readable+method-sugar
mir2,mir2.scenes.main.common.yayaListenner,D:\loym2\白猪G2.5 0518离线[必须更新]\dec\mir2_dec_还原\mir2.scenes.main.common.yayaListenner,D:\loym2\白猪G2.5_0518_lua_plain_readable_20260710_014719\mir2\mir2.scenes.main.common.yayaListenner.lua,D:\loym2\很早的原始客户端明文\mir2\mir2.scenes.main.common.yayaListenner.lua,0,0,0,True,True,True,True,function-local-readable+method-sugar
mir2,mir2.scenes.main.console.btnCallbacks,D:\loym2\白猪G2.5 0518离线[必须更新]\dec\mir2_dec_还原\mir2.scenes.main.console.btnCallbacks,D:\loym2\白猪G2.5_0518_lua_plain_readable_20260710_014719\mir2\mir2.scenes.main.console.btnCallbacks.lua,D:\loym2\很早的原始客户端明文\mir2\mir2.scenes.main.console.btnCallbacks.lua,1008,0,172,True,True,True,True,function-local-readable+method-sugar
mir2,mir2.scenes.main.console.btnEx,D:\loym2\白猪G2.5 0518离线[必须更新]\dec\mir2_dec_还原\mir2.scenes.main.console.btnEx,D:\loym2\白猪G2.5_0518_lua_plain_readable_20260710_014719\mir2\mir2.scenes.main.console.btnEx.lua,D:\loym2\很早的原始客户端明文\mir2\mir2.scenes.main.console.btnEx.lua,119,0,25,True,True,True,True,function-local-readable+method-sugar
mir2,mir2.scenes.main.console.controller1,D:\loym2\白猪G2.5 0518离线[必须更新]\dec\mir2_dec_还原\mir2.scenes.main.console.controller1,D:\loym2\白猪G2.5_0518_lua_plain_readable_20260710_014719\mir2\mir2.scenes.main.console.controller1.lua,D:\loym2\很早的原始客户端明文\mir2\mir2.scenes.main.console.controller.lua,0,0,0,True,True,True,True,function-local-readable+method-sugar
mir2,mir2.scenes.main.console.detail1,D:\loym2\白猪G2.5 0518离线[必须更新]\dec\mir2_dec_还原\mir2.scenes.main.console.detail1,D:\loym2\白猪G2.5_0518_lua_plain_readable_20260710_014719\mir2\mir2.scenes.main.console.detail1.lua,D:\loym2\很早的原始客户端明文\mir2\mir2.scenes.main.console.detail.lua,0,0,0,True,True,True,True,function-local-readable+method-sugar
mir2,mir2.scenes.main.console.iconFunc,D:\loym2\白猪G2.5 0518离线[必须更新]\dec\mir2_dec_还原\mir2.scenes.main.console.iconFunc,D:\loym2\白猪G2.5_0518_lua_plain_readable_20260710_014719\mir2\mir2.scenes.main.console.iconFunc.lua,D:\loym2\很早的原始客户端明文\mir2\mir2.scenes.main.console.iconFunc.lua,0,0,0,True,True,True,True,function-local-readable+method-sugar
mir2,mir2.scenes.main.console.replaceAsk,D:\loym2\白猪G2.5 0518离线[必须更新]\dec\mir2_dec_还原\mir2.scenes.main.console.replaceAsk,D:\loym2\白猪G2.5_0518_lua_plain_readable_20260710_014719\mir2\mir2.scenes.main.console.replaceAsk.lua,D:\loym2\很早的原始客户端明文\mir2\mir2.scenes.main.console.replaceAsk.lua,46,0,7,True,True,True,True,function-local-readable+method-sugar
mir2,mir2.scenes.main.console.shortcutKey,D:\loym2\白猪G2.5 0518离线[必须更新]\dec\mir2_dec_还原\mir2.scenes.main.console.shortcutKey,D:\loym2\白猪G2.5_0518_lua_plain_readable_20260710_014719\mir2\mir2.scenes.main.console.shortcutKey.lua,D:\loym2\很早的原始客户端明文\mir2\mir2.scenes.main.console.shortcutKey.lua,0,0,0,True,True,True,True,function-local-readable+method-sugar
mir2,mir2.scenes.main.console.widget._delegate,D:\loym2\白猪G2.5 0518离线[必须更新]\dec\mir2_dec_还原\mir2.scenes.main.console.widget._delegate,D:\loym2\白猪G2.5_0518_lua_plain_readable_20260710_014719\mir2\mir2.scenes.main.console.widget._delegate.lua,D:\loym2\很早的原始客户端明文\mir2\mir2.scenes.main.console.widget._delegate.lua,0,0,0,True,True,True,True,function-local-readable+method-sugar
mir2,mir2.scenes.main.console.widget.attackBtns,D:\loym2\白猪G2.5 0518离线[必须更新]\dec\mir2_dec_还原\mir2.scenes.main.console.widget.attackBtns,D:\loym2\白猪G2.5_0518_lua_plain_readable_20260710_014719\mir2\mir2.scenes.main.console.widget.attackBtns.lua,,354,0,37,True,True,True,True,function-local-readable+method-sugar
mir2,mir2.scenes.main.console.widget.bottom,D:\loym2\白猪G2.5 0518离线[必须更新]\dec\mir2_dec_还原\mir2.scenes.main.console.widget.bottom,D:\loym2\白猪G2.5_0518_lua_plain_readable_20260710_014719\mir2\mir2.scenes.main.console.widget.bottom.lua,D:\loym2\很早的原始客户端明文\mir2\mir2.scenes.main.console.widget.bottom.lua,297,0,63,True,True,True,True,function-local-readable+method-sugar
mir2,mir2.scenes.main.console.widget.btnFixed,D:\loym2\白猪G2.5 0518离线[必须更新]\dec\mir2_dec_还原\mir2.scenes.main.console.widget.btnFixed,D:\loym2\白猪G2.5_0518_lua_plain_readable_20260710_014719\mir2\mir2.scenes.main.console.widget.btnFixed.lua,D:\loym2\很早的原始客户端明文\mir2\mir2.scenes.main.console.widget.btnFixed.lua,210,0,39,True,True,True,True,function-local-readable+method-sugar
mir2,mir2.scenes.main.console.widget.btnMove,D:\loym2\白猪G2.5 0518离线[必须更新]\dec\mir2_dec_还原\mir2.scenes.main.console.widget.btnMove,D:\loym2\白猪G2.5_0518_lua_plain_readable_20260710_014719\mir2\mir2.scenes.main.console.widget.btnMove.lua,D:\loym2\很早的原始客户端明文\mir2\mir2.scenes.main.console.widget.btnMove.lua,534,0,120,True,True,True,True,function-local-readable+method-sugar
mir2,mir2.scenes.main.console.widget.chat,D:\loym2\白猪G2.5 0518离线[必须更新]\dec\mir2_dec_还原\mir2.scenes.main.console.widget.chat,D:\loym2\白猪G2.5_0518_lua_plain_readable_20260710_014719\mir2\mir2.scenes.main.console.widget.chat.lua,D:\loym2\很早的原始客户端明文\mir2\mir2.scenes.main.console.widget.chat.lua,603,0,119,True,True,True,True,function-local-readable+method-sugar
mir2,mir2.scenes.main.console.widget.hp,D:\loym2\白猪G2.5 0518离线[必须更新]\dec\mir2_dec_还原\mir2.scenes.main.console.widget.hp,D:\loym2\白猪G2.5_0518_lua_plain_readable_20260710_014719\mir2\mir2.scenes.main.console.widget.hp.lua,D:\loym2\很早的原始客户端明文\mir2\mir2.scenes.main.console.widget.hp.lua,270,0,39,True,True,True,True,function-local-readable+method-sugar
mir2,mir2.scenes.main.console.widget.infoBar,D:\loym2\白猪G2.5 0518离线[必须更新]\dec\mir2_dec_还原\mir2.scenes.main.console.widget.infoBar,D:\loym2\白猪G2.5_0518_lua_plain_readable_20260710_014719\mir2\mir2.scenes.main.console.widget.infoBar.lua,D:\loym2\很早的原始客户端明文\mir2\mir2.scenes.main.console.widget.infoBar.lua,432,0,68,True,True,True,True,scoped-readable+method-sugar
mir2,mir2.scenes.main.console.widget.tasks,D:\loym2\白猪G2.5 0518离线[必须更新]\dec\mir2_dec_还原\mir2.scenes.main.console.widget.tasks,D:\loym2\白猪G2.5_0518_lua_plain_readable_20260710_014719\mir2\mir2.scenes.main.console.widget.tasks.lua,,668,0,130,True,True,True,True,scope-safe-readable-fallback
mir2,mir2.scenes.main.console.widget.voiceBtnJIT,D:\loym2\白猪G2.5 0518离线[必须更新]\dec\mir2_dec_还原\mir2.scenes.main.console.widget.voiceBtnJIT,D:\loym2\白猪G2.5_0518_lua_plain_readable_20260710_014719\mir2\mir2.scenes.main.console.widget.voiceBtnJIT.lua,D:\loym2\很早的原始客户端明文\mir2\mir2.scenes.main.console.widget.voiceBtnJIT.lua,0,0,0,True,True,True,True,function-local-readable+method-sugar
mir2,mir2.scenes.main.map.def,D:\loym2\白猪G2.5 0518离线[必须更新]\dec\mir2_dec_还原\mir2.scenes.main.map.def,D:\loym2\白猪G2.5_0518_lua_plain_readable_20260710_014719\mir2\mir2.scenes.main.map.def.lua,D:\loym2\很早的原始客户端明文\mir2\mir2.scenes.main.map.def.lua,27,0,8,True,True,True,True,function-local-readable+method-sugar
mir2,mir2.scenes.main.map.maptile,D:\loym2\白猪G2.5 0518离线[必须更新]\dec\mir2_dec_还原\mir2.scenes.main.map.maptile,D:\loym2\白猪G2.5_0518_lua_plain_readable_20260710_014719\mir2\mir2.scenes.main.map.maptile.lua,D:\loym2\很早的原始客户端明文\mir2\mir2.scenes.main.map.maptile.lua,0,0,0,True,True,True,True,function-local-readable+method-sugar
mir2,mir2.scenes.main.panel._delegate,D:\loym2\白猪G2.5 0518离线[必须更新]\dec\mir2_dec_还原\mir2.scenes.main.panel._delegate,D:\loym2\白猪G2.5_0518_lua_plain_readable_20260710_014719\mir2\mir2.scenes.main.panel._delegate.lua,D:\loym2\很早的原始客户端明文\mir2\mir2.scenes.main.panel._delegate.lua,0,0,0,True,True,True,True,function-local-readable+method-sugar
mir2,mir2.scenes.main.panel.bag,D:\loym2\白猪G2.5 0518离线[必须更新]\dec\mir2_dec_还原\mir2.scenes.main.panel.bag,D:\loym2\白猪G2.5_0518_lua_plain_readable_20260710_014719\mir2\mir2.scenes.main.panel.bag.lua,D:\loym2\很早的原始客户端明文\mir2\mir2.scenes.main.panel.bag.lua,4,0,2,True,True,True,True,function-local-readable+method-sugar
mir2,mir2.scenes.main.panel.bigmap,D:\loym2\白猪G2.5 0518离线[必须更新]\dec\mir2_dec_还原\mir2.scenes.main.panel.bigmap,D:\loym2\白猪G2.5_0518_lua_plain_readable_20260710_014719\mir2\mir2.scenes.main.panel.bigmap.lua,D:\loym2\很早的原始客户端明文\mir2\mir2.scenes.main.panel.bigmap.lua,931,0,191,True,True,True,True,function-local-readable+method-sugar
mir2,mir2.scenes.main.panel.bigmap1,D:\loym2\白猪G2.5 0518离线[必须更新]\dec\mir2_dec_还原\mir2.scenes.main.panel.bigmap1,D:\loym2\白猪G2.5_0518_lua_plain_readable_20260710_014719\mir2\mir2.scenes.main.panel.bigmap1.lua,D:\loym2\很早的原始客户端明文\mir2\mir2.scenes.main.panel.bigmap.lua,938,0,195,True,True,True,True,function-local-readable+method-sugar
mir2,mir2.scenes.main.panel.bigmapOther,D:\loym2\白猪G2.5 0518离线[必须更新]\dec\mir2_dec_还原\mir2.scenes.main.panel.bigmapOther,D:\loym2\白猪G2.5_0518_lua_plain_readable_20260710_014719\mir2\mir2.scenes.main.panel.bigmapOther.lua,D:\loym2\很早的原始客户端明文\mir2\mir2.scenes.main.panel.bigmapOther.lua,0,0,0,True,True,True,True,function-local-readable+method-sugar
mir2,mir2.scenes.main.panel.charge,D:\loym2\白猪G2.5 0518离线[必须更新]\dec\mir2_dec_还原\mir2.scenes.main.panel.charge,D:\loym2\白猪G2.5_0518_lua_plain_readable_20260710_014719\mir2\mir2.scenes.main.panel.charge.lua,,236,0,62,True,True,True,True,function-local-readable+method-sugar
mir2,mir2.scenes.main.panel.chat,D:\loym2\白猪G2.5 0518离线[必须更新]\dec\mir2_dec_还原\mir2.scenes.main.panel.chat,D:\loym2\白猪G2.5_0518_lua_plain_readable_20260710_014719\mir2\mir2.scenes.main.panel.chat.lua,D:\loym2\很早的原始客户端明文\mir2\mir2.scenes.main.panel.chat.lua,4,0,2,True,True,True,True,function-local-readable+method-sugar
mir2,mir2.scenes.main.panel.diy,D:\loym2\白猪G2.5 0518离线[必须更新]\dec\mir2_dec_还原\mir2.scenes.main.panel.diy,D:\loym2\白猪G2.5_0518_lua_plain_readable_20260710_014719\mir2\mir2.scenes.main.panel.diy.lua,D:\loym2\很早的原始客户端明文\mir2\mir2.scenes.main.panel.diy.lua,548,0,132,True,True,True,True,function-local-readable+method-sugar
mir2,mir2.scenes.main.panel.diySave,D:\loym2\白猪G2.5 0518离线[必须更新]\dec\mir2_dec_还原\mir2.scenes.main.panel.diySave,D:\loym2\白猪G2.5_0518_lua_plain_readable_20260710_014719\mir2\mir2.scenes.main.panel.diySave.lua,D:\loym2\很早的原始客户端明文\mir2\mir2.scenes.main.panel.diySave.lua,179,0,44,True,True,True,True,function-local-readable+method-sugar
mir2,mir2.scenes.main.panel.driftMsg,D:\loym2\白猪G2.5 0518离线[必须更新]\dec\mir2_dec_还原\mir2.scenes.main.panel.driftMsg,D:\loym2\白猪G2.5_0518_lua_plain_readable_20260710_014719\mir2\mir2.scenes.main.panel.driftMsg.lua,D:\loym2\很早的原始客户端明文\mir2\mir2.scenes.main.panel.driftMsg.lua,0,0,0,True,True,True,True,function-local-readable+method-sugar
mir2,mir2.scenes.main.panel.dynamicPanel,D:\loym2\白猪G2.5 0518离线[必须更新]\dec\mir2_dec_还原\mir2.scenes.main.panel.dynamicPanel,D:\loym2\白猪G2.5_0518_lua_plain_readable_20260710_014719\mir2\mir2.scenes.main.panel.dynamicPanel.lua,,255,0,58,True,True,True,True,function-local-readable+method-sugar
mir2,mir2.scenes.main.panel.equip,D:\loym2\白猪G2.5 0518离线[必须更新]\dec\mir2_dec_还原\mir2.scenes.main.panel.equip,D:\loym2\白猪G2.5_0518_lua_plain_readable_20260710_014719\mir2\mir2.scenes.main.panel.equip.lua,D:\loym2\很早的原始客户端明文\mir2\mir2.scenes.main.panel.equip.lua,1093,0,202,True,True,True,True,scoped-readable+method-sugar
mir2,mir2.scenes.main.panel.equipOther,D:\loym2\白猪G2.5 0518离线[必须更新]\dec\mir2_dec_还原\mir2.scenes.main.panel.equipOther,D:\loym2\白猪G2.5_0518_lua_plain_readable_20260710_014719\mir2\mir2.scenes.main.panel.equipOther.lua,D:\loym2\很早的原始客户端明文\mir2\mir2.scenes.main.panel.equipOther.lua,408,0,67,True,True,True,True,function-local-readable+method-sugar
mir2,mir2.scenes.main.panel.equipPc,D:\loym2\白猪G2.5 0518离线[必须更新]\dec\mir2_dec_还原\mir2.scenes.main.panel.equipPc,D:\loym2\白猪G2.5_0518_lua_plain_readable_20260710_014719\mir2\mir2.scenes.main.panel.equipPc.lua,D:\loym2\很早的原始客户端明文\mir2\mir2.scenes.main.panel.equipPc.lua,0,0,0,True,True,True,True,function-local-readable+method-sugar
mir2,mir2.scenes.main.panel.fusion,D:\loym2\白猪G2.5 0518离线[必须更新]\dec\mir2_dec_还原\mir2.scenes.main.panel.fusion,D:\loym2\白猪G2.5_0518_lua_plain_readable_20260710_014719\mir2\mir2.scenes.main.panel.fusion.lua,D:\loym2\很早的原始客户端明文\mir2\mir2.scenes.main.panel.fusion.lua,0,0,0,True,True,True,True,function-local-readable+method-sugar
mir2,mir2.scenes.main.panel.heroBag,D:\loym2\白猪G2.5 0518离线[必须更新]\dec\mir2_dec_还原\mir2.scenes.main.panel.heroBag,D:\loym2\白猪G2.5_0518_lua_plain_readable_20260710_014719\mir2\mir2.scenes.main.panel.heroBag.lua,D:\loym2\很早的原始客户端明文\mir2\mir2.scenes.main.panel.heroBag.lua,208,0,39,True,True,True,True,function-local-readable+method-sugar
mir2,mir2.scenes.main.panel.heroBag1,D:\loym2\白猪G2.5 0518离线[必须更新]\dec\mir2_dec_还原\mir2.scenes.main.panel.heroBag1,D:\loym2\白猪G2.5_0518_lua_plain_readable_20260710_014719\mir2\mir2.scenes.main.panel.heroBag1.lua,D:\loym2\很早的原始客户端明文\mir2\mir2.scenes.main.panel.heroBag.lua,0,0,0,True,True,True,True,function-local-readable+method-sugar
mir2,mir2.scenes.main.panel.heroEquip,D:\loym2\白猪G2.5 0518离线[必须更新]\dec\mir2_dec_还原\mir2.scenes.main.panel.heroEquip,D:\loym2\白猪G2.5_0518_lua_plain_readable_20260710_014719\mir2\mir2.scenes.main.panel.heroEquip.lua,D:\loym2\很早的原始客户端明文\mir2\mir2.scenes.main.panel.heroEquip.lua,0,0,0,True,True,True,True,function-local-readable+method-sugar
mir2,mir2.scenes.main.panel.heroHead,D:\loym2\白猪G2.5 0518离线[必须更新]\dec\mir2_dec_还原\mir2.scenes.main.panel.heroHead,D:\loym2\白猪G2.5_0518_lua_plain_readable_20260710_014719\mir2\mir2.scenes.main.panel.heroHead.lua,D:\loym2\很早的原始客户端明文\mir2\mir2.scenes.main.panel.heroHead.lua,219,0,40,True,True,True,True,function-local-readable+method-sugar
mir2,mir2.scenes.main.panel.magicKeySetting,D:\loym2\白猪G2.5 0518离线[必须更新]\dec\mir2_dec_还原\mir2.scenes.main.panel.magicKeySetting,D:\loym2\白猪G2.5_0518_lua_plain_readable_20260710_014719\mir2\mir2.scenes.main.panel.magicKeySetting.lua,D:\loym2\很早的原始客户端明文\mir2\mir2.scenes.main.panel.magicKeySetting.lua,0,0,0,True,True,True,True,function-local-readable+method-sugar
mir2,mir2.scenes.main.panel.mixingDrug,D:\loym2\白猪G2.5 0518离线[必须更新]\dec\mir2_dec_还原\mir2.scenes.main.panel.mixingDrug,D:\loym2\白猪G2.5_0518_lua_plain_readable_20260710_014719\mir2\mir2.scenes.main.panel.mixingDrug.lua,D:\loym2\很早的原始客户端明文\mir2\mir2.scenes.main.panel.mixingDrug.lua,397,0,93,True,True,True,True,function-local-readable+method-sugar
mir2,mir2.scenes.main.panel.nicehp,D:\loym2\白猪G2.5 0518离线[必须更新]\dec\mir2_dec_还原\mir2.scenes.main.panel.nicehp,D:\loym2\白猪G2.5_0518_lua_plain_readable_20260710_014719\mir2\mir2.scenes.main.panel.nicehp.lua,,398,0,89,True,True,True,True,function-local-readable+method-sugar
mir2,mir2.scenes.main.panel.npc1,D:\loym2\白猪G2.5 0518离线[必须更新]\dec\mir2_dec_还原\mir2.scenes.main.panel.npc1,D:\loym2\白猪G2.5_0518_lua_plain_readable_20260710_014719\mir2\mir2.scenes.main.panel.npc1.lua,D:\loym2\很早的原始客户端明文\mir2\mir2.scenes.main.panel.npc.lua,0,0,0,True,True,True,True,function-local-readable+method-sugar
mir2,mir2.scenes.main.panel.screenshot,D:\loym2\白猪G2.5 0518离线[必须更新]\dec\mir2_dec_还原\mir2.scenes.main.panel.screenshot,D:\loym2\白猪G2.5_0518_lua_plain_readable_20260710_014719\mir2\mir2.scenes.main.panel.screenshot.lua,D:\loym2\很早的原始客户端明文\mir2\mir2.scenes.main.panel.screenshot.lua,0,0,0,True,True,True,True,function-local-readable+method-sugar
mir2,mir2.scenes.main.panel.screenshotLook,D:\loym2\白猪G2.5 0518离线[必须更新]\dec\mir2_dec_还原\mir2.scenes.main.panel.screenshotLook,D:\loym2\白猪G2.5_0518_lua_plain_readable_20260710_014719\mir2\mir2.scenes.main.panel.screenshotLook.lua,D:\loym2\很早的原始客户端明文\mir2\mir2.scenes.main.panel.screenshotLook.lua,0,0,0,True,True,True,True,function-local-readable+method-sugar
mir2,mir2.scenes.main.panel.security,D:\loym2\白猪G2.5 0518离线[必须更新]\dec\mir2_dec_还原\mir2.scenes.main.panel.security,D:\loym2\白猪G2.5_0518_lua_plain_readable_20260710_014719\mir2\mir2.scenes.main.panel.security.lua,D:\loym2\很早的原始客户端明文\mir2\mir2.scenes.main.panel.security.lua,0,0,0,True,True,True,True,function-local-readable+method-sugar
mir2,mir2.scenes.main.panel.storage,D:\loym2\白猪G2.5 0518离线[必须更新]\dec\mir2_dec_还原\mir2.scenes.main.panel.storage,D:\loym2\白猪G2.5_0518_lua_plain_readable_20260710_014719\mir2\mir2.scenes.main.panel.storage.lua,D:\loym2\很早的原始客户端明文\mir2\mir2.scenes.main.panel.storage.lua,4,0,2,True,True,True,True,function-local-readable+method-sugar
mir2,mir2.scenes.main.panel.storage1,D:\loym2\白猪G2.5 0518离线[必须更新]\dec\mir2_dec_还原\mir2.scenes.main.panel.storage1,D:\loym2\白猪G2.5_0518_lua_plain_readable_20260710_014719\mir2\mir2.scenes.main.panel.storage1.lua,D:\loym2\很早的原始客户端明文\mir2\mir2.scenes.main.panel.storage.lua,0,0,0,True,True,True,True,function-local-readable+method-sugar
mir2,mir2.scenes.main.panel.strengthen,D:\loym2\白猪G2.5 0518离线[必须更新]\dec\mir2_dec_还原\mir2.scenes.main.panel.strengthen,D:\loym2\白猪G2.5_0518_lua_plain_readable_20260710_014719\mir2\mir2.scenes.main.panel.strengthen.lua,D:\loym2\很早的原始客户端明文\mir2\mir2.scenes.main.panel.strengthen.lua,733,0,179,True,True,True,True,function-local-readable+method-sugar
mir2,mir2.scenes.main.panel.treasureBox,D:\loym2\白猪G2.5 0518离线[必须更新]\dec\mir2_dec_还原\mir2.scenes.main.panel.treasureBox,D:\loym2\白猪G2.5_0518_lua_plain_readable_20260710_014719\mir2\mir2.scenes.main.panel.treasureBox.lua,D:\loym2\很早的原始客户端明文\mir2\mir2.scenes.main.panel.treasureBox.lua,0,0,0,True,True,True,True,function-local-readable+method-sugar
mir2,mir2.scenes.main.panel.UIEditor,D:\loym2\白猪G2.5 0518离线[必须更新]\dec\mir2_dec_还原\mir2.scenes.main.panel.UIEditor,D:\loym2\白猪G2.5_0518_lua_plain_readable_20260710_014719\mir2\mir2.scenes.main.panel.UIEditor.lua,D:\loym2\很早的原始客户端明文\mir2\mir2.scenes.main.panel.UIEditor.lua,0,0,0,True,True,True,True,function-local-readable+method-sugar
mir2,mir2.scenes.main.panel.voice,D:\loym2\白猪G2.5 0518离线[必须更新]\dec\mir2_dec_还原\mir2.scenes.main.panel.voice,D:\loym2\白猪G2.5_0518_lua_plain_readable_20260710_014719\mir2\mir2.scenes.main.panel.voice.lua,D:\loym2\很早的原始客户端明文\mir2\mir2.scenes.main.panel.voice.lua,0,0,0,True,True,True,True,function-local-readable+method-sugar
mir2,mir2.scenes.main.panel.ybdeal,D:\loym2\白猪G2.5 0518离线[必须更新]\dec\mir2_dec_还原\mir2.scenes.main.panel.ybdeal,D:\loym2\白猪G2.5_0518_lua_plain_readable_20260710_014719\mir2\mir2.scenes.main.panel.ybdeal.lua,D:\loym2\很早的原始客户端明文\mir2\mir2.scenes.main.panel.ybdeal.lua,453,0,124,True,True,True,True,scoped-readable+method-sugar
mir2,mir2.scenes.main.panel.yiyimonhp,D:\loym2\白猪G2.5 0518离线[必须更新]\dec\mir2_dec_还原\mir2.scenes.main.panel.yiyimonhp,D:\loym2\白猪G2.5_0518_lua_plain_readable_20260710_014719\mir2\mir2.scenes.main.panel.yiyimonhp.lua,,71,0,17,True,True,True,True,function-local-readable+method-sugar
mir2,mir2.scenes.main.pc.hotKeySetting,D:\loym2\白猪G2.5 0518离线[必须更新]\dec\mir2_dec_还原\mir2.scenes.main.pc.hotKeySetting,D:\loym2\白猪G2.5_0518_lua_plain_readable_20260710_014719\mir2\mir2.scenes.main.pc.hotKeySetting.lua,D:\loym2\很早的原始客户端明文\mir2\mir2.scenes.main.pc.hotKeySetting.lua,0,0,0,True,True,True,True,function-local-readable+method-sugar
mir2,mir2.scenes.main.pc.operate,D:\loym2\白猪G2.5 0518离线[必须更新]\dec\mir2_dec_还原\mir2.scenes.main.pc.operate,D:\loym2\白猪G2.5_0518_lua_plain_readable_20260710_014719\mir2\mir2.scenes.main.pc.operate.lua,D:\loym2\很早的原始客户端明文\mir2\mir2.scenes.main.pc.operate.lua,0,0,0,True,True,True,True,function-local-readable+method-sugar
mir2,mir2.scenes.main.pc.skilldelegate,D:\loym2\白猪G2.5 0518离线[必须更新]\dec\mir2_dec_还原\mir2.scenes.main.pc.skilldelegate,D:\loym2\白猪G2.5_0518_lua_plain_readable_20260710_014719\mir2\mir2.scenes.main.pc.skilldelegate.lua,D:\loym2\很早的原始客户端明文\mir2\mir2.scenes.main.pc.skilldelegate.lua,0,0,0,True,True,True,True,function-local-readable+method-sugar
mir2,mir2.scenes.main.pc.uicontroller,D:\loym2\白猪G2.5 0518离线[必须更新]\dec\mir2_dec_还原\mir2.scenes.main.pc.uicontroller,D:\loym2\白猪G2.5_0518_lua_plain_readable_20260710_014719\mir2\mir2.scenes.main.pc.uicontroller.lua,D:\loym2\很早的原始客户端明文\mir2\mir2.scenes.main.pc.uicontroller.lua,0,0,0,True,True,True,True,function-local-readable+method-sugar
mir2,mir2.scenes.main.role.def,D:\loym2\白猪G2.5 0518离线[必须更新]\dec\mir2_dec_还原\mir2.scenes.main.role.def,D:\loym2\白猪G2.5_0518_lua_plain_readable_20260710_014719\mir2\mir2.scenes.main.role.def.lua,D:\loym2\很早的原始客户端明文\mir2\mir2.scenes.main.role.def.lua,0,0,0,True,True,True,True,function-local-readable+method-sugar
mir2,mir2.scenes.main.role.def.frame,D:\loym2\白猪G2.5 0518离线[必须更新]\dec\mir2_dec_还原\mir2.scenes.main.role.def.frame,D:\loym2\白猪G2.5_0518_lua_plain_readable_20260710_014719\mir2\mir2.scenes.main.role.def.frame.lua,D:\loym2\很早的原始客户端明文\mir2\mir2.scenes.main.role.def.frame.lua,0,0,0,True,True,True,True,function-local-readable+method-sugar
mir2,mir2.scenes.main.role.def.hp,D:\loym2\白猪G2.5 0518离线[必须更新]\dec\mir2_dec_还原\mir2.scenes.main.role.def.hp,D:\loym2\白猪G2.5_0518_lua_plain_readable_20260710_014719\mir2\mir2.scenes.main.role.def.hp.lua,D:\loym2\很早的原始客户端明文\mir2\mir2.scenes.main.role.def.hp.lua,71,0,22,True,True,True,True,function-local-readable+method-sugar
mir2,mir2.scenes.main.role.def.mon,D:\loym2\白猪G2.5 0518离线[必须更新]\dec\mir2_dec_还原\mir2.scenes.main.role.def.mon,D:\loym2\白猪G2.5_0518_lua_plain_readable_20260710_014719\mir2\mir2.scenes.main.role.def.mon.lua,D:\loym2\很早的原始客户端明文\mir2\mir2.scenes.main.role.def.mon.lua,0,0,0,True,True,True,True,function-local-readable+method-sugar
mir2,mir2.scenes.main.role.def.offset,D:\loym2\白猪G2.5 0518离线[必须更新]\dec\mir2_dec_还原\mir2.scenes.main.role.def.offset,D:\loym2\白猪G2.5_0518_lua_plain_readable_20260710_014719\mir2\mir2.scenes.main.role.def.offset.lua,D:\loym2\很早的原始客户端明文\mir2\mir2.scenes.main.role.def.offset.lua,0,0,0,True,True,True,True,function-local-readable+method-sugar
mir2,mir2.scenes.main.role.def.state,D:\loym2\白猪G2.5 0518离线[必须更新]\dec\mir2_dec_还原\mir2.scenes.main.role.def.state,D:\loym2\白猪G2.5_0518_lua_plain_readable_20260710_014719\mir2\mir2.scenes.main.role.def.state.lua,D:\loym2\很早的原始客户端明文\mir2\mir2.scenes.main.role.def.state.lua,0,0,0,True,True,True,True,function-local-readable+method-sugar
mir2,mir2.scenes.main.role.def.weapon,D:\loym2\白猪G2.5 0518离线[必须更新]\dec\mir2_dec_还原\mir2.scenes.main.role.def.weapon,D:\loym2\白猪G2.5_0518_lua_plain_readable_20260710_014719\mir2\mir2.scenes.main.role.def.weapon.lua,D:\loym2\很早的原始客户端明文\mir2\mir2.scenes.main.role.def.weapon.lua,0,0,0,True,True,True,True,function-local-readable+method-sugar
mir2,mir2.scenes.main.role.hero,D:\loym2\白猪G2.5 0518离线[必须更新]\dec\mir2_dec_还原\mir2.scenes.main.role.hero,D:\loym2\白猪G2.5_0518_lua_plain_readable_20260710_014719\mir2\mir2.scenes.main.role.hero.lua,D:\loym2\很早的原始客户端明文\mir2\mir2.scenes.main.role.hero.lua,55,0,12,True,True,True,True,function-local-readable+method-sugar
mir2,mir2.scenes.main.role.info1,D:\loym2\白猪G2.5 0518离线[必须更新]\dec\mir2_dec_还原\mir2.scenes.main.role.info1,D:\loym2\白猪G2.5_0518_lua_plain_readable_20260710_014719\mir2\mir2.scenes.main.role.info1.lua,D:\loym2\很早的原始客户端明文\mir2\mir2.scenes.main.role.info.lua,0,0,0,True,True,True,True,function-local-readable+method-sugar
mir2,mir2.scenes.main.scene,D:\loym2\白猪G2.5 0518离线[必须更新]\dec\mir2_dec_还原\mir2.scenes.main.scene,D:\loym2\白猪G2.5_0518_lua_plain_readable_20260710_014719\mir2\mir2.scenes.main.scene.lua,D:\loym2\很早的原始客户端明文\mir2\mir2.scenes.main.scene.lua,281,0,58,True,True,True,True,function-local-readable+method-sugar
mir2,mir2.scenes.notice.scene,D:\loym2\白猪G2.5 0518离线[必须更新]\dec\mir2_dec_还原\mir2.scenes.notice.scene,D:\loym2\白猪G2.5_0518_lua_plain_readable_20260710_014719\mir2\mir2.scenes.notice.scene.lua,D:\loym2\很早的原始客户端明文\mir2\mir2.scenes.notice.scene.lua,142,0,35,True,True,True,True,function-local-readable+method-sugar
mir2,mir2.scenes.pc.operate,D:\loym2\白猪G2.5 0518离线[必须更新]\dec\mir2_dec_还原\mir2.scenes.pc.operate,D:\loym2\白猪G2.5_0518_lua_plain_readable_20260710_014719\mir2\mir2.scenes.pc.operate.lua,D:\loym2\很早的原始客户端明文\mir2\mir2.scenes.pc.operate.lua,0,0,0,True,True,True,True,function-local-readable+method-sugar
mir2,mir2.scenes.pc.skilldelegate,D:\loym2\白猪G2.5 0518离线[必须更新]\dec\mir2_dec_还原\mir2.scenes.pc.skilldelegate,D:\loym2\白猪G2.5_0518_lua_plain_readable_20260710_014719\mir2\mir2.scenes.pc.skilldelegate.lua,D:\loym2\很早的原始客户端明文\mir2\mir2.scenes.pc.skilldelegate.lua,0,0,0,True,True,True,True,function-local-readable+method-sugar
mir2,mir2.scenes.pc.uicontroller,D:\loym2\白猪G2.5 0518离线[必须更新]\dec\mir2_dec_还原\mir2.scenes.pc.uicontroller,D:\loym2\白猪G2.5_0518_lua_plain_readable_20260710_014719\mir2\mir2.scenes.pc.uicontroller.lua,D:\loym2\很早的原始客户端明文\mir2\mir2.scenes.pc.uicontroller.lua,0,0,0,True,True,True,True,function-local-readable+method-sugar
mir2,mir2.scenes.reconnect.scene,D:\loym2\白猪G2.5 0518离线[必须更新]\dec\mir2_dec_还原\mir2.scenes.reconnect.scene,D:\loym2\白猪G2.5_0518_lua_plain_readable_20260710_014719\mir2\mir2.scenes.reconnect.scene.lua,D:\loym2\很早的原始客户端明文\mir2\mir2.scenes.reconnect.scene.lua,147,0,32,True,True,True,True,function-local-readable+method-sugar
mir2,mir2.scenes.select.role,D:\loym2\白猪G2.5 0518离线[必须更新]\dec\mir2_dec_还原\mir2.scenes.select.role,D:\loym2\白猪G2.5_0518_lua_plain_readable_20260710_014719\mir2\mir2.scenes.select.role.lua,D:\loym2\很早的原始客户端明文\mir2\mir2.scenes.select.role.lua,108,0,22,True,True,True,True,function-local-readable+method-sugar
mir2,mir2.scenes.select.scene,D:\loym2\白猪G2.5 0518离线[必须更新]\dec\mir2_dec_还原\mir2.scenes.select.scene,D:\loym2\白猪G2.5_0518_lua_plain_readable_20260710_014719\mir2\mir2.scenes.select.scene.lua,D:\loym2\很早的原始客户端明文\mir2\mir2.scenes.select.scene.lua,902,0,160,True,True,True,True,function-local-readable+method-sugar
mir2,mir2.scenes.sfselect.scene,D:\loym2\白猪G2.5 0518离线[必须更新]\dec\mir2_dec_还原\mir2.scenes.sfselect.scene,D:\loym2\白猪G2.5_0518_lua_plain_readable_20260710_014719\mir2\mir2.scenes.sfselect.scene.lua,D:\loym2\很早的原始客户端明文\mir2\mir2.scenes.sfselect.scene.lua,526,0,139,True,True,True,True,function-local-readable+method-sugar
mir2,mir2.scenes.sfselect.sflist,D:\loym2\白猪G2.5 0518离线[必须更新]\dec\mir2_dec_还原\mir2.scenes.sfselect.sflist,D:\loym2\白猪G2.5_0518_lua_plain_readable_20260710_014719\mir2\mir2.scenes.sfselect.sflist.lua,D:\loym2\很早的原始客户端明文\mir2\mir2.scenes.sfselect.sflist.lua,0,0,0,True,True,True,True,function-local-readable+method-sugar
mir2,mir2.scenes.sfselect.sflistitem,D:\loym2\白猪G2.5 0518离线[必须更新]\dec\mir2_dec_还原\mir2.scenes.sfselect.sflistitem,D:\loym2\白猪G2.5_0518_lua_plain_readable_20260710_014719\mir2\mir2.scenes.sfselect.sflistitem.lua,D:\loym2\很早的原始客户端明文\mir2\mir2.scenes.sfselect.sflistitem.lua,0,0,0,True,True,True,True,function-local-readable+method-sugar
mir2,mir2.single.bzEvents,D:\loym2\白猪G2.5 0518离线[必须更新]\dec\mir2_dec_还原\mir2.single.bzEvents,D:\loym2\白猪G2.5_0518_lua_plain_readable_20260710_014719\mir2\mir2.single.bzEvents.lua,,3,0,1,True,True,True,True,function-local-readable+method-sugar
mir2,mir2.single.cache,D:\loym2\白猪G2.5 0518离线[必须更新]\dec\mir2_dec_还原\mir2.single.cache,D:\loym2\白猪G2.5_0518_lua_plain_readable_20260710_014719\mir2\mir2.single.cache.lua,D:\loym2\很早的原始客户端明文\mir2\mir2.single.cache.lua,523,0,144,True,True,True,True,function-local-readable+method-sugar
mir2,mir2.single.dynamicTileAtlas,D:\loym2\白猪G2.5 0518离线[必须更新]\dec\mir2_dec_还原\mir2.single.dynamicTileAtlas,D:\loym2\白猪G2.5_0518_lua_plain_readable_20260710_014719\mir2\mir2.single.dynamicTileAtlas.lua,D:\loym2\很早的原始客户端明文\mir2\mir2.single.dynamicTileAtlas.lua,0,0,0,True,True,True,True,function-local-readable+method-sugar
mir2,mir2.single.game,D:\loym2\白猪G2.5 0518离线[必须更新]\dec\mir2_dec_还原\mir2.single.game,D:\loym2\白猪G2.5_0518_lua_plain_readable_20260710_014719\mir2\mir2.single.game.lua,D:\loym2\很早的原始客户端明文\mir2\mir2.single.game.lua,67,0,21,True,True,True,True,function-local-readable+method-sugar
mir2,mir2.single.gameEvent,D:\loym2\白猪G2.5 0518离线[必须更新]\dec\mir2_dec_还原\mir2.single.gameEvent,D:\loym2\白猪G2.5_0518_lua_plain_readable_20260710_014719\mir2\mir2.single.gameEvent.lua,D:\loym2\很早的原始客户端明文\mir2\mir2.single.gameEvent.lua,0,0,0,True,True,True,True,function-local-readable+method-sugar
mir2,mir2.single.gplus,D:\loym2\白猪G2.5 0518离线[必须更新]\dec\mir2_dec_还原\mir2.single.gplus,D:\loym2\白猪G2.5_0518_lua_plain_readable_20260710_014719\mir2\mir2.single.gplus.lua,D:\loym2\很早的原始客户端明文\mir2\mir2.single.gplus.lua,0,0,0,True,True,True,True,function-local-readable+method-sugar
mir2,mir2.single.iap,D:\loym2\白猪G2.5 0518离线[必须更新]\dec\mir2_dec_还原\mir2.single.iap,D:\loym2\白猪G2.5_0518_lua_plain_readable_20260710_014719\mir2\mir2.single.iap.lua,D:\loym2\很早的原始客户端明文\mir2\mir2.single.iap.lua,0,0,0,True,True,True,True,function-local-readable+method-sugar
mir2,mir2.single.init,D:\loym2\白猪G2.5 0518离线[必须更新]\dec\mir2_dec_还原\mir2.single.init,D:\loym2\白猪G2.5_0518_lua_plain_readable_20260710_014719\mir2\mir2.single.init.lua,D:\loym2\很早的原始客户端明文\mir2\mir2.single.init.lua,13,0,1,True,True,True,True,function-local-readable+method-sugar
mir2,mir2.single.ipush,D:\loym2\白猪G2.5 0518离线[必须更新]\dec\mir2_dec_还原\mir2.single.ipush,D:\loym2\白猪G2.5_0518_lua_plain_readable_20260710_014719\mir2\mir2.single.ipush.lua,D:\loym2\很早的原始客户端明文\mir2\mir2.single.jpush.lua,585,0,55,True,True,True,True,function-local-readable+method-sugar
mir2,mir2.single.jpush,D:\loym2\白猪G2.5 0518离线[必须更新]\dec\mir2_dec_还原\mir2.single.jpush,D:\loym2\白猪G2.5_0518_lua_plain_readable_20260710_014719\mir2\mir2.single.jpush.lua,D:\loym2\很早的原始客户端明文\mir2\mir2.single.jpush.lua,0,0,0,True,True,True,True,function-local-readable+method-sugar
mir2,mir2.single.m2debug,D:\loym2\白猪G2.5 0518离线[必须更新]\dec\mir2_dec_还原\mir2.single.m2debug,D:\loym2\白猪G2.5_0518_lua_plain_readable_20260710_014719\mir2\mir2.single.m2debug.lua,D:\loym2\很早的原始客户端明文\mir2\mir2.single.m2debug.lua,216,0,61,True,True,True,True,function-local-readable+method-sugar
mir2,mir2.single.m2spr,D:\loym2\白猪G2.5 0518离线[必须更新]\dec\mir2_dec_还原\mir2.single.m2spr,D:\loym2\白猪G2.5_0518_lua_plain_readable_20260710_014719\mir2\mir2.single.m2spr.lua,D:\loym2\很早的原始客户端明文\mir2\mir2.single.m2spr.lua,0,0,0,True,True,True,True,function-local-readable+method-sugar
mir2,mir2.single.net,D:\loym2\白猪G2.5 0518离线[必须更新]\dec\mir2_dec_还原\mir2.single.net,D:\loym2\白猪G2.5_0518_lua_plain_readable_20260710_014719\mir2\mir2.single.net.lua,D:\loym2\很早的原始客户端明文\mir2\mir2.single.net.lua,706,0,142,True,True,True,True,function-local-readable+method-sugar
mir2,mir2.single.objpool,D:\loym2\白猪G2.5 0518离线[必须更新]\dec\mir2_dec_还原\mir2.single.objpool,D:\loym2\白猪G2.5_0518_lua_plain_readable_20260710_014719\mir2\mir2.single.objpool.lua,D:\loym2\很早的原始客户端明文\mir2\mir2.single.objpool.lua,0,0,0,True,True,True,True,function-local-readable+method-sugar
mir2,mir2.single.pic,D:\loym2\白猪G2.5 0518离线[必须更新]\dec\mir2_dec_还原\mir2.single.pic,D:\loym2\白猪G2.5_0518_lua_plain_readable_20260710_014719\mir2\mir2.single.pic.lua,D:\loym2\很早的原始客户端明文\mir2\mir2.single.pic.lua,0,0,0,True,True,True,True,function-local-readable+method-sugar
mir2,mir2.single.res,D:\loym2\白猪G2.5 0518离线[必须更新]\dec\mir2_dec_还原\mir2.single.res,D:\loym2\白猪G2.5_0518_lua_plain_readable_20260710_014719\mir2\mir2.single.res.lua,D:\loym2\很早的原始客户端明文\mir2\mir2.single.res.lua,1231,0,299,True,True,True,True,function-local-readable+method-sugar
mir2,mir2.single.sdnaPassport,D:\loym2\白猪G2.5 0518离线[必须更新]\dec\mir2_dec_还原\mir2.single.sdnaPassport,D:\loym2\白猪G2.5_0518_lua_plain_readable_20260710_014719\mir2\mir2.single.sdnaPassport.lua,D:\loym2\很早的原始客户端明文\mir2\mir2.single.sdnaPassport.lua,0,0,0,True,True,True,True,function-local-readable+method-sugar
mir2,mir2.single.sound,D:\loym2\白猪G2.5 0518离线[必须更新]\dec\mir2_dec_还原\mir2.single.sound,D:\loym2\白猪G2.5_0518_lua_plain_readable_20260710_014719\mir2\mir2.single.sound.lua,D:\loym2\很早的原始客户端明文\mir2\mir2.single.sound.lua,439,0,71,True,True,True,True,function-local-readable+method-sugar
mir2,mir2.single.viap,D:\loym2\白猪G2.5 0518离线[必须更新]\dec\mir2_dec_还原\mir2.single.viap,D:\loym2\白猪G2.5_0518_lua_plain_readable_20260710_014719\mir2\mir2.single.viap.lua,D:\loym2\很早的原始客户端明文\mir2\mir2.single.iap.lua,1571,0,357,True,True,True,True,scoped-readable+method-sugar
mir2,mir2.single.voice,D:\loym2\白猪G2.5 0518离线[必须更新]\dec\mir2_dec_还原\mir2.single.voice,D:\loym2\白猪G2.5_0518_lua_plain_readable_20260710_014719\mir2\mir2.single.voice.lua,D:\loym2\很早的原始客户端明文\mir2\mir2.single.voice.lua,478,0,92,True,True,True,True,scoped-readable+method-sugar
mir2,mir2.single.yaya,D:\loym2\白猪G2.5 0518离线[必须更新]\dec\mir2_dec_还原\mir2.single.yaya,D:\loym2\白猪G2.5_0518_lua_plain_readable_20260710_014719\mir2\mir2.single.yaya.lua,D:\loym2\很早的原始客户端明文\mir2\mir2.single.yaya.lua,0,0,0,True,True,True,True,function-local-readable+method-sugar
mir264,an.ui.label,D:\loym2\白猪G2.5 0518离线[必须更新]\dec\mir264_dec_还原\an.ui.label,D:\loym2\白猪G2.5_0518_lua_plain_readable_20260710_014719\mir264\an.ui.label.lua,D:\loym2\很早的原始客户端明文\an\an.ui.label.lua,713,0,165,True,True,True,True,function-local-readable+method-sugar
mir264,mir.def.zz,D:\loym2\白猪G2.5 0518离线[必须更新]\dec\mir264_dec_还原\mir.def.zz,D:\loym2\白猪G2.5_0518_lua_plain_readable_20260710_014719\mir264\mir.def.zz.lua,,310,0,76,True,True,True,True,function-local-readable+method-sugar
mir264,mir2.app,D:\loym2\白猪G2.5 0518离线[必须更新]\dec\mir264_dec_还原\mir2.app,D:\loym2\白猪G2.5_0518_lua_plain_readable_20260710_014719\mir264\mir2.app.lua,D:\loym2\很早的原始客户端明文\mir2\mir2.app.lua,32,0,12,True,True,True,True,function-local-readable+method-sugar
mir264,mir2.bz.functions,D:\loym2\白猪G2.5 0518离线[必须更新]\dec\mir264_dec_还原\mir2.bz.functions,D:\loym2\白猪G2.5_0518_lua_plain_readable_20260710_014719\mir264\mir2.bz.functions.lua,,2010,0,489,True,True,True,True,scoped-readable+method-sugar
mir264,mir2.cc,D:\loym2\白猪G2.5 0518离线[必须更新]\dec\mir264_dec_还原\mir2.cc,D:\loym2\白猪G2.5_0518_lua_plain_readable_20260710_014719\mir264\mir2.cc.lua,,487,0,122,True,True,True,True,scoped-readable+method-sugar
mir264,mir2.data.bag,D:\loym2\白猪G2.5 0518离线[必须更新]\dec\mir264_dec_还原\mir2.data.bag,D:\loym2\白猪G2.5_0518_lua_plain_readable_20260710_014719\mir264\mir2.data.bag.lua,D:\loym2\很早的原始客户端明文\mir2\mir2.data.bag.lua,677,0,220,True,True,True,True,function-local-readable+method-sugar
mir264,mir2.data.bigmap,D:\loym2\白猪G2.5 0518离线[必须更新]\dec\mir264_dec_还原\mir2.data.bigmap,D:\loym2\白猪G2.5_0518_lua_plain_readable_20260710_014719\mir264\mir2.data.bigmap.lua,D:\loym2\很早的原始客户端明文\mir2\mir2.data.bigmap.lua,0,0,0,True,True,True,True,function-local-readable+method-sugar
mir264,mir2.data.chat,D:\loym2\白猪G2.5 0518离线[必须更新]\dec\mir264_dec_还原\mir2.data.chat,D:\loym2\白猪G2.5_0518_lua_plain_readable_20260710_014719\mir264\mir2.data.chat.lua,D:\loym2\很早的原始客户端明文\mir2\mir2.data.chat.lua,257,0,84,True,True,True,True,function-local-readable+method-sugar
mir264,mir2.data.client,D:\loym2\白猪G2.5 0518离线[必须更新]\dec\mir264_dec_还原\mir2.data.client,D:\loym2\白猪G2.5_0518_lua_plain_readable_20260710_014719\mir264\mir2.data.client.lua,D:\loym2\很早的原始客户端明文\mir2\mir2.data.client.lua,112,0,49,True,True,True,True,function-local-readable+method-sugar
mir264,mir2.data.credit,D:\loym2\白猪G2.5 0518离线[必须更新]\dec\mir264_dec_还原\mir2.data.credit,D:\loym2\白猪G2.5_0518_lua_plain_readable_20260710_014719\mir264\mir2.data.credit.lua,D:\loym2\很早的原始客户端明文\mir2\mir2.data.credit.lua,0,0,0,True,True,True,True,function-local-readable+method-sugar
mir264,mir2.data.equip,D:\loym2\白猪G2.5 0518离线[必须更新]\dec\mir264_dec_还原\mir2.data.equip,D:\loym2\白猪G2.5_0518_lua_plain_readable_20260710_014719\mir264\mir2.data.equip.lua,D:\loym2\很早的原始客户端明文\mir2\mir2.data.equip.lua,157,0,60,True,True,True,True,function-local-readable+method-sugar
mir264,mir2.data.guild,D:\loym2\白猪G2.5 0518离线[必须更新]\dec\mir264_dec_还原\mir2.data.guild,D:\loym2\白猪G2.5_0518_lua_plain_readable_20260710_014719\mir264\mir2.data.guild.lua,D:\loym2\很早的原始客户端明文\mir2\mir2.data.guild.lua,442,0,156,True,True,True,True,function-local-readable+method-sugar
mir264,mir2.data.hero,D:\loym2\白猪G2.5 0518离线[必须更新]\dec\mir264_dec_还原\mir2.data.hero,D:\loym2\白猪G2.5_0518_lua_plain_readable_20260710_014719\mir264\mir2.data.hero.lua,D:\loym2\很早的原始客户端明文\mir2\mir2.data.hero.lua,152,0,58,True,True,True,True,function-local-readable+method-sugar
mir264,mir2.data.heroBag,D:\loym2\白猪G2.5 0518离线[必须更新]\dec\mir264_dec_还原\mir2.data.heroBag,D:\loym2\白猪G2.5_0518_lua_plain_readable_20260710_014719\mir264\mir2.data.heroBag.lua,D:\loym2\很早的原始客户端明文\mir2\mir2.data.heroBag.lua,0,0,0,True,True,True,True,function-local-readable+method-sugar
mir264,mir2.data.heroEquip,D:\loym2\白猪G2.5 0518离线[必须更新]\dec\mir264_dec_还原\mir2.data.heroEquip,D:\loym2\白猪G2.5_0518_lua_plain_readable_20260710_014719\mir264\mir2.data.heroEquip.lua,D:\loym2\很早的原始客户端明文\mir2\mir2.data.heroEquip.lua,0,0,0,True,True,True,True,function-local-readable+method-sugar
mir264,mir2.data.hotKey,D:\loym2\白猪G2.5 0518离线[必须更新]\dec\mir264_dec_还原\mir2.data.hotKey,D:\loym2\白猪G2.5_0518_lua_plain_readable_20260710_014719\mir264\mir2.data.hotKey.lua,D:\loym2\很早的原始客户端明文\mir2\mir2.data.hotKey.lua,0,0,0,True,True,True,True,function-local-readable+method-sugar
mir264,mir2.data.init,D:\loym2\白猪G2.5 0518离线[必须更新]\dec\mir264_dec_还原\mir2.data.init,D:\loym2\白猪G2.5_0518_lua_plain_readable_20260710_014719\mir264\mir2.data.init.lua,D:\loym2\很早的原始客户端明文\mir2\mir2.data.init.lua,0,0,0,True,True,True,True,function-local-readable+method-sugar
mir264,mir2.data.login,D:\loym2\白猪G2.5 0518离线[必须更新]\dec\mir264_dec_还原\mir2.data.login,D:\loym2\白猪G2.5_0518_lua_plain_readable_20260710_014719\mir264\mir2.data.login.lua,D:\loym2\很早的原始客户端明文\mir2\mir2.data.login.lua,0,0,0,True,True,True,True,function-local-readable+method-sugar
mir264,mir2.data.mail,D:\loym2\白猪G2.5 0518离线[必须更新]\dec\mir264_dec_还原\mir2.data.mail,D:\loym2\白猪G2.5_0518_lua_plain_readable_20260710_014719\mir264\mir2.data.mail.lua,D:\loym2\很早的原始客户端明文\mir2\mir2.data.mail.lua,0,0,0,True,True,True,True,function-local-readable+method-sugar
mir264,mir2.data.map,D:\loym2\白猪G2.5 0518离线[必须更新]\dec\mir264_dec_还原\mir2.data.map,D:\loym2\白猪G2.5_0518_lua_plain_readable_20260710_014719\mir264\mir2.data.map.lua,D:\loym2\很早的原始客户端明文\mir2\mir2.data.map.lua,0,0,0,True,True,True,True,function-local-readable+method-sugar
mir264,mir2.data.mark,D:\loym2\白猪G2.5 0518离线[必须更新]\dec\mir264_dec_还原\mir2.data.mark,D:\loym2\白猪G2.5_0518_lua_plain_readable_20260710_014719\mir264\mir2.data.mark.lua,D:\loym2\很早的原始客户端明文\mir2\mir2.data.mark.lua,119,0,41,True,True,True,True,function-local-readable+method-sugar
mir264,mir2.data.mixingDrug,D:\loym2\白猪G2.5 0518离线[必须更新]\dec\mir264_dec_还原\mir2.data.mixingDrug,D:\loym2\白猪G2.5_0518_lua_plain_readable_20260710_014719\mir264\mir2.data.mixingDrug.lua,D:\loym2\很早的原始客户端明文\mir2\mir2.data.mixingDrug.lua,0,0,0,True,True,True,True,function-local-readable+method-sugar
mir264,mir2.data.player,D:\loym2\白猪G2.5 0518离线[必须更新]\dec\mir264_dec_还原\mir2.data.player,D:\loym2\白猪G2.5_0518_lua_plain_readable_20260710_014719\mir264\mir2.data.player.lua,D:\loym2\很早的原始客户端明文\mir2\mir2.data.player.lua,950,0,308,True,True,True,True,function-local-readable+method-sugar
mir264,mir2.data.relation,D:\loym2\白猪G2.5 0518离线[必须更新]\dec\mir264_dec_还原\mir2.data.relation,D:\loym2\白猪G2.5_0518_lua_plain_readable_20260710_014719\mir264\mir2.data.relation.lua,D:\loym2\很早的原始客户端明文\mir2\mir2.data.relation.lua,0,0,0,True,True,True,True,function-local-readable+method-sugar
mir264,mir2.data.security,D:\loym2\白猪G2.5 0518离线[必须更新]\dec\mir264_dec_还原\mir2.data.security,D:\loym2\白猪G2.5_0518_lua_plain_readable_20260710_014719\mir264\mir2.data.security.lua,D:\loym2\很早的原始客户端明文\mir2\mir2.data.security.lua,0,0,0,True,True,True,True,function-local-readable+method-sugar
mir264,mir2.data.select,D:\loym2\白猪G2.5 0518离线[必须更新]\dec\mir264_dec_还原\mir2.data.select,D:\loym2\白猪G2.5_0518_lua_plain_readable_20260710_014719\mir264\mir2.data.select.lua,D:\loym2\很早的原始客户端明文\mir2\mir2.data.select.lua,386,0,132,True,True,True,True,scope-safe-readable-fallback
mir264,mir2.data.serialize,D:\loym2\白猪G2.5 0518离线[必须更新]\dec\mir264_dec_还原\mir2.data.serialize,D:\loym2\白猪G2.5_0518_lua_plain_readable_20260710_014719\mir264\mir2.data.serialize.lua,D:\loym2\很早的原始客户端明文\mir2\mir2.data.serialize.lua,0,0,0,True,True,True,True,function-local-readable+method-sugar
mir264,mir2.data.serverConfig,D:\loym2\白猪G2.5 0518离线[必须更新]\dec\mir264_dec_还原\mir2.data.serverConfig,D:\loym2\白猪G2.5_0518_lua_plain_readable_20260710_014719\mir264\mir2.data.serverConfig.lua,D:\loym2\很早的原始客户端明文\mir2\mir2.data.serverConfig.lua,0,0,0,True,True,True,True,function-local-readable+method-sugar
mir264,mir2.data.shop,D:\loym2\白猪G2.5 0518离线[必须更新]\dec\mir264_dec_还原\mir2.data.shop,D:\loym2\白猪G2.5_0518_lua_plain_readable_20260710_014719\mir264\mir2.data.shop.lua,D:\loym2\很早的原始客户端明文\mir2\mir2.data.shop.lua,277,0,87,True,True,True,True,function-local-readable+method-sugar
mir264,mir2.data.stall,D:\loym2\白猪G2.5 0518离线[必须更新]\dec\mir264_dec_还原\mir2.data.stall,D:\loym2\白猪G2.5_0518_lua_plain_readable_20260710_014719\mir264\mir2.data.stall.lua,D:\loym2\很早的原始客户端明文\mir2\mir2.data.stall.lua,0,0,0,True,True,True,True,function-local-readable+method-sugar
mir264,mir2.data.stallOther,D:\loym2\白猪G2.5 0518离线[必须更新]\dec\mir264_dec_还原\mir2.data.stallOther,D:\loym2\白猪G2.5_0518_lua_plain_readable_20260710_014719\mir264\mir2.data.stallOther.lua,D:\loym2\很早的原始客户端明文\mir2\mir2.data.stallOther.lua,0,0,0,True,True,True,True,function-local-readable+method-sugar
mir264,mir2.data.voice,D:\loym2\白猪G2.5 0518离线[必须更新]\dec\mir264_dec_还原\mir2.data.voice,D:\loym2\白猪G2.5_0518_lua_plain_readable_20260710_014719\mir264\mir2.data.voice.lua,D:\loym2\很早的原始客户端明文\mir2\mir2.data.voice.lua,0,0,0,True,True,True,True,function-local-readable+method-sugar
mir264,mir2.data.ybdeal,D:\loym2\白猪G2.5 0518离线[必须更新]\dec\mir264_dec_还原\mir2.data.ybdeal,D:\loym2\白猪G2.5_0518_lua_plain_readable_20260710_014719\mir264\mir2.data.ybdeal.lua,D:\loym2\很早的原始客户端明文\mir2\mir2.data.ybdeal.lua,0,0,0,True,True,True,True,function-local-readable+method-sugar
mir264,mir2.def.bigmap,D:\loym2\白猪G2.5 0518离线[必须更新]\dec\mir264_dec_还原\mir2.def.bigmap,D:\loym2\白猪G2.5_0518_lua_plain_readable_20260710_014719\mir264\mir2.def.bigmap.lua,D:\loym2\很早的原始客户端明文\mir2\mir2.def.bigmap.lua,0,0,0,True,True,True,True,function-local-readable+method-sugar
mir264,mir2.def.bzinit,D:\loym2\白猪G2.5 0518离线[必须更新]\dec\mir264_dec_还原\mir2.def.bzinit,D:\loym2\白猪G2.5_0518_lua_plain_readable_20260710_014719\mir264\mir2.def.bzinit.lua,D:\loym2\很早的原始客户端明文\mir2\mir2.def.init.lua,12727,0,2526,True,True,True,True,scope-safe-readable-fallback
mir264,mir2.def.cmds,D:\loym2\白猪G2.5 0518离线[必须更新]\dec\mir264_dec_还原\mir2.def.cmds,D:\loym2\白猪G2.5_0518_lua_plain_readable_20260710_014719\mir264\mir2.def.cmds.lua,D:\loym2\很早的原始客户端明文\mir2\mir2.def.cmds.lua,0,0,0,True,True,True,True,function-local-readable+method-sugar
mir264,mir2.def.colors,D:\loym2\白猪G2.5 0518离线[必须更新]\dec\mir264_dec_还原\mir2.def.colors,D:\loym2\白猪G2.5_0518_lua_plain_readable_20260710_014719\mir264\mir2.def.colors.lua,D:\loym2\很早的原始客户端明文\mir2\mir2.def.colors.lua,0,0,0,True,True,True,True,function-local-readable+method-sugar
mir264,mir2.def.globa1,D:\loym2\白猪G2.5 0518离线[必须更新]\dec\mir264_dec_还原\mir2.def.globa1,D:\loym2\白猪G2.5_0518_lua_plain_readable_20260710_014719\mir264\mir2.def.globa1.lua,D:\loym2\很早的原始客户端明文\mir2\mir2.def.globa1.lua,0,0,0,True,True,True,True,function-local-readable+method-sugar
mir264,mir2.def.globa2,D:\loym2\白猪G2.5 0518离线[必须更新]\dec\mir264_dec_还原\mir2.def.globa2,D:\loym2\白猪G2.5_0518_lua_plain_readable_20260710_014719\mir264\mir2.def.globa2.lua,D:\loym2\很早的原始客户端明文\mir2\mir2.def.globa2.lua,761,0,135,True,True,True,True,function-local-readable+method-sugar
mir264,mir2.def.globa3,D:\loym2\白猪G2.5 0518离线[必须更新]\dec\mir264_dec_还原\mir2.def.globa3,D:\loym2\白猪G2.5_0518_lua_plain_readable_20260710_014719\mir264\mir2.def.globa3.lua,D:\loym2\很早的原始客户端明文\mir2\mir2.def.globa3.lua,429,0,109,True,True,True,True,function-local-readable+method-sugar
mir264,mir2.def.gmCmd,D:\loym2\白猪G2.5 0518离线[必须更新]\dec\mir264_dec_还原\mir2.def.gmCmd,D:\loym2\白猪G2.5_0518_lua_plain_readable_20260710_014719\mir264\mir2.def.gmCmd.lua,D:\loym2\很早的原始客户端明文\mir2\mir2.def.gmCmd.lua,0,0,0,True,True,True,True,function-local-readable+method-sugar
mir264,mir2.def.guild,D:\loym2\白猪G2.5 0518离线[必须更新]\dec\mir264_dec_还原\mir2.def.guild,D:\loym2\白猪G2.5_0518_lua_plain_readable_20260710_014719\mir264\mir2.def.guild.lua,D:\loym2\很早的原始客户端明文\mir2\mir2.def.guild.lua,0,0,0,True,True,True,True,function-local-readable+method-sugar
mir264,mir2.def.init,D:\loym2\白猪G2.5 0518离线[必须更新]\dec\mir264_dec_还原\mir2.def.init,D:\loym2\白猪G2.5_0518_lua_plain_readable_20260710_014719\mir264\mir2.def.init.lua,D:\loym2\很早的原始客户端明文\mir2\mir2.def.init.lua,55,0,22,True,True,True,True,function-local-readable+method-sugar
mir264,mir2.def.itemdesc,D:\loym2\白猪G2.5 0518离线[必须更新]\dec\mir264_dec_还原\mir2.def.itemdesc,D:\loym2\白猪G2.5_0518_lua_plain_readable_20260710_014719\mir264\mir2.def.itemdesc.lua,D:\loym2\很早的原始客户端明文\mir2\mir2.def.itemdesc.lua,0,0,0,True,True,True,True,function-local-readable+method-sugar
mir264,mir2.def.items,D:\loym2\白猪G2.5 0518离线[必须更新]\dec\mir264_dec_还原\mir2.def.items,D:\loym2\白猪G2.5_0518_lua_plain_readable_20260710_014719\mir264\mir2.def.items.lua,D:\loym2\很早的原始客户端明文\mir2\mir2.def.items.lua,200,0,40,True,True,True,True,scoped-readable+method-sugar
mir264,mir2.def.magic,D:\loym2\白猪G2.5 0518离线[必须更新]\dec\mir264_dec_还原\mir2.def.magic,D:\loym2\白猪G2.5_0518_lua_plain_readable_20260710_014719\mir264\mir2.def.magic.lua,D:\loym2\很早的原始客户端明文\mir2\mir2.def.magic.lua,127,0,27,True,True,True,True,function-local-readable+method-sugar
mir264,mir2.def.map,D:\loym2\白猪G2.5 0518离线[必须更新]\dec\mir264_dec_还原\mir2.def.map,D:\loym2\白猪G2.5_0518_lua_plain_readable_20260710_014719\mir264\mir2.def.map.lua,D:\loym2\很早的原始客户端明文\mir2\mir2.def.map.lua,81,0,26,True,True,True,True,function-local-readable+method-sugar
mir264,mir2.def.operate,D:\loym2\白猪G2.5 0518离线[必须更新]\dec\mir264_dec_还原\mir2.def.operate,D:\loym2\白猪G2.5_0518_lua_plain_readable_20260710_014719\mir264\mir2.def.operate.lua,D:\loym2\很早的原始客户端明文\mir2\mir2.def.operate.lua,0,0,0,True,True,True,True,function-local-readable+method-sugar
mir264,mir2.def.perload,D:\loym2\白猪G2.5 0518离线[必须更新]\dec\mir264_dec_还原\mir2.def.perload,D:\loym2\白猪G2.5_0518_lua_plain_readable_20260710_014719\mir264\mir2.def.perload.lua,D:\loym2\很早的原始客户端明文\mir2\mir2.def.perload.lua,0,0,0,True,True,True,True,function-local-readable+method-sugar
mir264,mir2.def.setting,D:\loym2\白猪G2.5 0518离线[必须更新]\dec\mir264_dec_还原\mir2.def.setting,D:\loym2\白猪G2.5_0518_lua_plain_readable_20260710_014719\mir264\mir2.def.setting.lua,,0,0,0,True,True,True,True,function-local-readable+method-sugar
mir264,mir2.def.skill,D:\loym2\白猪G2.5 0518离线[必须更新]\dec\mir264_dec_还原\mir2.def.skill,D:\loym2\白猪G2.5_0518_lua_plain_readable_20260710_014719\mir264\mir2.def.skill.lua,D:\loym2\很早的原始客户端明文\mir2\mir2.def.skill.lua,19,0,6,True,True,True,True,function-local-readable+method-sugar
mir264,mir2.def.skilldesc,D:\loym2\白猪G2.5 0518离线[必须更新]\dec\mir264_dec_还原\mir2.def.skilldesc,D:\loym2\白猪G2.5_0518_lua_plain_readable_20260710_014719\mir264\mir2.def.skilldesc.lua,D:\loym2\很早的原始客户端明文\mir2\mir2.def.skilldesc.lua,0,0,0,True,True,True,True,function-local-readable+method-sugar
mir264,mir2.def.state,D:\loym2\白猪G2.5 0518离线[必须更新]\dec\mir264_dec_还原\mir2.def.state,D:\loym2\白猪G2.5_0518_lua_plain_readable_20260710_014719\mir264\mir2.def.state.lua,D:\loym2\很早的原始客户端明文\mir2\mir2.def.state.lua,0,0,0,True,True,True,True,function-local-readable+method-sugar
mir264,mir2.def.titledesc,D:\loym2\白猪G2.5 0518离线[必须更新]\dec\mir264_dec_还原\mir2.def.titledesc,D:\loym2\白猪G2.5_0518_lua_plain_readable_20260710_014719\mir264\mir2.def.titledesc.lua,D:\loym2\很早的原始客户端明文\mir2\mir2.def.titledesc.lua,0,0,0,True,True,True,True,function-local-readable+method-sugar
mir264,mir2.def.wordfilter,D:\loym2\白猪G2.5 0518离线[必须更新]\dec\mir264_dec_还原\mir2.def.wordfilter,D:\loym2\白猪G2.5_0518_lua_plain_readable_20260710_014719\mir264\mir2.def.wordfilter.lua,D:\loym2\很早的原始客户端明文\mir2\mir2.def.wordfilter.lua,0,0,0,True,True,True,True,function-local-readable+method-sugar
mir264,mir2.gb2312,D:\loym2\白猪G2.5 0518离线[必须更新]\dec\mir264_dec_还原\mir2.gb2312,D:\loym2\白猪G2.5_0518_lua_plain_readable_20260710_014719\mir264\mir2.gb2312.lua,,0,0,0,True,True,True,True,function-local-readable+method-sugar
mir264,mir2.helperScript.clickedHelper,D:\loym2\白猪G2.5 0518离线[必须更新]\dec\mir264_dec_还原\mir2.helperScript.clickedHelper,D:\loym2\白猪G2.5_0518_lua_plain_readable_20260710_014719\mir264\mir2.helperScript.clickedHelper.lua,D:\loym2\很早的原始客户端明文\mir2\mir2.helperScript.clickedHelper.lua,0,0,0,True,True,True,True,function-local-readable+method-sugar
mir264,mir2.helperScript.clickedShow,D:\loym2\白猪G2.5 0518离线[必须更新]\dec\mir264_dec_还原\mir2.helperScript.clickedShow,D:\loym2\白猪G2.5_0518_lua_plain_readable_20260710_014719\mir264\mir2.helperScript.clickedShow.lua,D:\loym2\很早的原始客户端明文\mir2\mir2.helperScript.clickedShow.lua,0,0,0,True,True,True,True,function-local-readable+method-sugar
mir264,mir2.helperScript.doc,D:\loym2\白猪G2.5 0518离线[必须更新]\dec\mir264_dec_还原\mir2.helperScript.doc,D:\loym2\白猪G2.5_0518_lua_plain_readable_20260710_014719\mir264\mir2.helperScript.doc.lua,D:\loym2\很早的原始客户端明文\mir2\mir2.helperScript.doc.lua,0,0,0,True,True,True,True,function-local-readable+method-sugar
mir264,mir2.helperScript.enterMap,D:\loym2\白猪G2.5 0518离线[必须更新]\dec\mir264_dec_还原\mir2.helperScript.enterMap,D:\loym2\白猪G2.5_0518_lua_plain_readable_20260710_014719\mir264\mir2.helperScript.enterMap.lua,D:\loym2\很早的原始客户端明文\mir2\mir2.helperScript.enterMap.lua,0,0,0,True,True,True,True,function-local-readable+method-sugar
mir264,mir2.helperScript.enterRegion,D:\loym2\白猪G2.5 0518离线[必须更新]\dec\mir264_dec_还原\mir2.helperScript.enterRegion,D:\loym2\白猪G2.5_0518_lua_plain_readable_20260710_014719\mir264\mir2.helperScript.enterRegion.lua,D:\loym2\很早的原始客户端明文\mir2\mir2.helperScript.enterRegion.lua,0,0,0,True,True,True,True,function-local-readable+method-sugar
mir264,mir2.helperScript.globalEvent,D:\loym2\白猪G2.5 0518离线[必须更新]\dec\mir264_dec_还原\mir2.helperScript.globalEvent,D:\loym2\白猪G2.5_0518_lua_plain_readable_20260710_014719\mir264\mir2.helperScript.globalEvent.lua,D:\loym2\很早的原始客户端明文\mir2\mir2.helperScript.globalEvent.lua,0,0,0,True,True,True,True,function-local-readable+method-sugar
mir264,mir2.helperScript.killedMonster,D:\loym2\白猪G2.5 0518离线[必须更新]\dec\mir264_dec_还原\mir2.helperScript.killedMonster,D:\loym2\白猪G2.5_0518_lua_plain_readable_20260710_014719\mir264\mir2.helperScript.killedMonster.lua,D:\loym2\很早的原始客户端明文\mir2\mir2.helperScript.killedMonster.lua,0,0,0,True,True,True,True,function-local-readable+method-sugar
mir264,mir2.helperScript.levelUp,D:\loym2\白猪G2.5 0518离线[必须更新]\dec\mir264_dec_还原\mir2.helperScript.levelUp,D:\loym2\白猪G2.5_0518_lua_plain_readable_20260710_014719\mir264\mir2.helperScript.levelUp.lua,D:\loym2\很早的原始客户端明文\mir2\mir2.helperScript.levelUp.lua,0,0,0,True,True,True,True,function-local-readable+method-sugar
mir264,mir2.helperScript.mod.CG,D:\loym2\白猪G2.5 0518离线[必须更新]\dec\mir264_dec_还原\mir2.helperScript.mod.CG,D:\loym2\白猪G2.5_0518_lua_plain_readable_20260710_014719\mir264\mir2.helperScript.mod.CG.lua,D:\loym2\很早的原始客户端明文\mir2\mir2.helperScript.mod.CG.lua,0,0,0,True,True,True,True,function-local-readable+method-sugar
mir264,mir2.helperScript.mod.equip,D:\loym2\白猪G2.5 0518离线[必须更新]\dec\mir264_dec_还原\mir2.helperScript.mod.equip,D:\loym2\白猪G2.5_0518_lua_plain_readable_20260710_014719\mir264\mir2.helperScript.mod.equip.lua,D:\loym2\很早的原始客户端明文\mir2\mir2.helperScript.mod.equip.lua,0,0,0,True,True,True,True,function-local-readable+method-sugar
mir264,mir2.helperScript.mod.init,D:\loym2\白猪G2.5 0518离线[必须更新]\dec\mir264_dec_还原\mir2.helperScript.mod.init,D:\loym2\白猪G2.5_0518_lua_plain_readable_20260710_014719\mir264\mir2.helperScript.mod.init.lua,D:\loym2\很早的原始客户端明文\mir2\mir2.helperScript.mod.init.lua,0,0,0,True,True,True,True,function-local-readable+method-sugar
mir264,mir2.helperScript.mod.newbee,D:\loym2\白猪G2.5 0518离线[必须更新]\dec\mir264_dec_还原\mir2.helperScript.mod.newbee,D:\loym2\白猪G2.5_0518_lua_plain_readable_20260710_014719\mir264\mir2.helperScript.mod.newbee.lua,D:\loym2\很早的原始客户端明文\mir2\mir2.helperScript.mod.newbee.lua,0,0,0,True,True,True,True,function-local-readable+method-sugar
mir264,mir2.helperScript.mod.skill,D:\loym2\白猪G2.5 0518离线[必须更新]\dec\mir264_dec_还原\mir2.helperScript.mod.skill,D:\loym2\白猪G2.5_0518_lua_plain_readable_20260710_014719\mir264\mir2.helperScript.mod.skill.lua,D:\loym2\很早的原始客户端明文\mir2\mir2.helperScript.mod.skill.lua,0,0,0,True,True,True,True,function-local-readable+method-sugar
mir264,mir2.helperScript.mod.test,D:\loym2\白猪G2.5 0518离线[必须更新]\dec\mir264_dec_还原\mir2.helperScript.mod.test,D:\loym2\白猪G2.5_0518_lua_plain_readable_20260710_014719\mir264\mir2.helperScript.mod.test.lua,D:\loym2\很早的原始客户端明文\mir2\mir2.helperScript.mod.test.lua,0,0,0,True,True,True,True,function-local-readable+method-sugar
mir264,mir2.helperScript.newItem,D:\loym2\白猪G2.5 0518离线[必须更新]\dec\mir264_dec_还原\mir2.helperScript.newItem,D:\loym2\白猪G2.5_0518_lua_plain_readable_20260710_014719\mir264\mir2.helperScript.newItem.lua,D:\loym2\很早的原始客户端明文\mir2\mir2.helperScript.newItem.lua,0,0,0,True,True,True,True,function-local-readable+method-sugar
mir264,mir2.helperScript.newSkill,D:\loym2\白猪G2.5 0518离线[必须更新]\dec\mir264_dec_还原\mir2.helperScript.newSkill,D:\loym2\白猪G2.5_0518_lua_plain_readable_20260710_014719\mir264\mir2.helperScript.newSkill.lua,D:\loym2\很早的原始客户端明文\mir2\mir2.helperScript.newSkill.lua,0,0,0,True,True,True,True,function-local-readable+method-sugar
mir264,mir2.helperScript.openPanel,D:\loym2\白猪G2.5 0518离线[必须更新]\dec\mir264_dec_还原\mir2.helperScript.openPanel,D:\loym2\白猪G2.5_0518_lua_plain_readable_20260710_014719\mir264\mir2.helperScript.openPanel.lua,D:\loym2\很早的原始客户端明文\mir2\mir2.helperScript.openPanel.lua,0,0,0,True,True,True,True,function-local-readable+method-sugar
mir264,mir2.init,D:\loym2\白猪G2.5 0518离线[必须更新]\dec\mir264_dec_还原\mir2.init,D:\loym2\白猪G2.5_0518_lua_plain_readable_20260710_014719\mir264\mir2.init.lua,D:\loym2\很早的原始客户端明文\mir2\mir2.init.lua,205,0,62,True,True,True,True,scoped-readable+method-sugar
mir264,mir2.loongsRingBtn,D:\loym2\白猪G2.5 0518离线[必须更新]\dec\mir264_dec_还原\mir2.loongsRingBtn,D:\loym2\白猪G2.5_0518_lua_plain_readable_20260710_014719\mir264\mir2.loongsRingBtn.lua,D:\loym2\很早的原始客户端明文\mir2\mir2.loongsRingBtn.lua,0,0,0,True,True,True,True,function-local-readable+method-sugar
mir264,mir2.scenes.baseScene,D:\loym2\白猪G2.5 0518离线[必须更新]\dec\mir264_dec_还原\mir2.scenes.baseScene,D:\loym2\白猪G2.5_0518_lua_plain_readable_20260710_014719\mir264\mir2.scenes.baseScene.lua,D:\loym2\很早的原始客户端明文\mir2\mir2.scenes.baseScene.lua,0,0,0,True,True,True,True,function-local-readable+method-sugar
mir264,mir2.scenes.bz.scene,D:\loym2\白猪G2.5 0518离线[必须更新]\dec\mir264_dec_还原\mir2.scenes.bz.scene,D:\loym2\白猪G2.5_0518_lua_plain_readable_20260710_014719\mir264\mir2.scenes.bz.scene.lua,,102,0,23,True,True,True,True,scoped-readable+method-sugar
mir264,mir2.scenes.login.areas,D:\loym2\白猪G2.5 0518离线[必须更新]\dec\mir264_dec_还原\mir2.scenes.login.areas,D:\loym2\白猪G2.5_0518_lua_plain_readable_20260710_014719\mir264\mir2.scenes.login.areas.lua,D:\loym2\很早的原始客户端明文\mir2\mir2.scenes.login.areas.lua,813,0,166,True,True,True,True,function-local-readable+method-sugar
mir264,mir2.scenes.login.door,D:\loym2\白猪G2.5 0518离线[必须更新]\dec\mir264_dec_还原\mir2.scenes.login.door,D:\loym2\白猪G2.5_0518_lua_plain_readable_20260710_014719\mir264\mir2.scenes.login.door.lua,D:\loym2\很早的原始客户端明文\mir2\mir2.scenes.login.door.lua,111,0,20,True,True,True,True,scoped-readable+method-sugar
mir264,mir2.scenes.login.login,D:\loym2\白猪G2.5 0518离线[必须更新]\dec\mir264_dec_还原\mir2.scenes.login.login,D:\loym2\白猪G2.5_0518_lua_plain_readable_20260710_014719\mir264\mir2.scenes.login.login.lua,D:\loym2\很早的原始客户端明文\mir2\mir2.scenes.login.login.lua,700,0,157,True,True,True,True,function-local-readable+method-sugar
mir264,mir2.scenes.login.loginer,D:\loym2\白猪G2.5 0518离线[必须更新]\dec\mir264_dec_还原\mir2.scenes.login.loginer,D:\loym2\白猪G2.5_0518_lua_plain_readable_20260710_014719\mir264\mir2.scenes.login.loginer.lua,D:\loym2\很早的原始客户端明文\mir2\mir2.scenes.login.loginer.lua,211,0,68,True,True,True,True,function-local-readable+method-sugar
mir264,mir2.scenes.login.scene,D:\loym2\白猪G2.5 0518离线[必须更新]\dec\mir264_dec_还原\mir2.scenes.login.scene,D:\loym2\白猪G2.5_0518_lua_plain_readable_20260710_014719\mir264\mir2.scenes.login.scene.lua,D:\loym2\很早的原始客户端明文\mir2\mir2.scenes.login.scene.lua,345,0,82,True,True,True,True,function-local-readable+method-sugar
mir264,mir2.scenes.main.common.chatItem,D:\loym2\白猪G2.5 0518离线[必须更新]\dec\mir264_dec_还原\mir2.scenes.main.common.chatItem,D:\loym2\白猪G2.5_0518_lua_plain_readable_20260710_014719\mir264\mir2.scenes.main.common.chatItem.lua,D:\loym2\很早的原始客户端明文\mir2\mir2.scenes.main.common.chatItem.lua,0,0,0,True,True,True,True,function-local-readable+method-sugar
mir264,mir2.scenes.main.common.chatPic,D:\loym2\白猪G2.5 0518离线[必须更新]\dec\mir264_dec_还原\mir2.scenes.main.common.chatPic,D:\loym2\白猪G2.5_0518_lua_plain_readable_20260710_014719\mir264\mir2.scenes.main.common.chatPic.lua,D:\loym2\很早的原始客户端明文\mir2\mir2.scenes.main.common.chatPic.lua,0,0,0,True,True,True,True,function-local-readable+method-sugar
mir264,mir2.scenes.main.common.chatPos,D:\loym2\白猪G2.5 0518离线[必须更新]\dec\mir264_dec_还原\mir2.scenes.main.common.chatPos,D:\loym2\白猪G2.5_0518_lua_plain_readable_20260710_014719\mir264\mir2.scenes.main.common.chatPos.lua,D:\loym2\很早的原始客户端明文\mir2\mir2.scenes.main.common.chatPos.lua,0,0,0,True,True,True,True,function-local-readable+method-sugar
mir264,mir2.scenes.main.common.diyBtn,D:\loym2\白猪G2.5 0518离线[必须更新]\dec\mir264_dec_还原\mir2.scenes.main.common.diyBtn,D:\loym2\白猪G2.5_0518_lua_plain_readable_20260710_014719\mir264\mir2.scenes.main.common.diyBtn.lua,D:\loym2\很早的原始客户端明文\mir2\mir2.scenes.main.common.diyBtn.lua,0,0,0,True,True,True,True,function-local-readable+method-sugar
mir264,mir2.scenes.main.common.emojiChoose,D:\loym2\白猪G2.5 0518离线[必须更新]\dec\mir264_dec_还原\mir2.scenes.main.common.emojiChoose,D:\loym2\白猪G2.5_0518_lua_plain_readable_20260710_014719\mir264\mir2.scenes.main.common.emojiChoose.lua,D:\loym2\很早的原始客户端明文\mir2\mir2.scenes.main.common.emojiChoose.lua,0,0,0,True,True,True,True,function-local-readable+method-sugar
mir264,mir2.scenes.main.common.helper.dummy,D:\loym2\白猪G2.5 0518离线[必须更新]\dec\mir264_dec_还原\mir2.scenes.main.common.helper.dummy,D:\loym2\白猪G2.5_0518_lua_plain_readable_20260710_014719\mir264\mir2.scenes.main.common.helper.dummy.lua,D:\loym2\很早的原始客户端明文\mir2\mir2.scenes.main.common.helper.dummy.lua,0,0,0,True,True,True,True,function-local-readable+method-sugar
mir264,mir2.scenes.main.common.helper.guide,D:\loym2\白猪G2.5 0518离线[必须更新]\dec\mir264_dec_还原\mir2.scenes.main.common.helper.guide,D:\loym2\白猪G2.5_0518_lua_plain_readable_20260710_014719\mir264\mir2.scenes.main.common.helper.guide.lua,D:\loym2\很早的原始客户端明文\mir2\mir2.scenes.main.common.helper.guide.lua,0,0,0,True,True,True,True,function-local-readable+method-sugar
mir264,mir2.scenes.main.common.helper.helper,D:\loym2\白猪G2.5 0518离线[必须更新]\dec\mir264_dec_还原\mir2.scenes.main.common.helper.helper,D:\loym2\白猪G2.5_0518_lua_plain_readable_20260710_014719\mir264\mir2.scenes.main.common.helper.helper.lua,D:\loym2\很早的原始客户端明文\mir2\mir2.scenes.main.common.helper.helper.lua,0,0,0,True,True,True,True,function-local-readable+method-sugar
mir264,mir2.scenes.main.common.helper.scriptRunner,D:\loym2\白猪G2.5 0518离线[必须更新]\dec\mir264_dec_还原\mir2.scenes.main.common.helper.scriptRunner,D:\loym2\白猪G2.5_0518_lua_plain_readable_20260710_014719\mir264\mir2.scenes.main.common.helper.scriptRunner.lua,D:\loym2\很早的原始客户端明文\mir2\mir2.scenes.main.common.helper.scriptRunner.lua,0,0,0,True,True,True,True,function-local-readable+method-sugar
mir264,mir2.scenes.main.common.helper.stage,D:\loym2\白猪G2.5 0518离线[必须更新]\dec\mir264_dec_还原\mir2.scenes.main.common.helper.stage,D:\loym2\白猪G2.5_0518_lua_plain_readable_20260710_014719\mir264\mir2.scenes.main.common.helper.stage.lua,D:\loym2\很早的原始客户端明文\mir2\mir2.scenes.main.common.helper.stage.lua,0,0,0,True,True,True,True,function-local-readable+method-sugar
mir264,mir2.scenes.main.common.helper.util,D:\loym2\白猪G2.5 0518离线[必须更新]\dec\mir264_dec_还原\mir2.scenes.main.common.helper.util,D:\loym2\白猪G2.5_0518_lua_plain_readable_20260710_014719\mir264\mir2.scenes.main.common.helper.util.lua,D:\loym2\很早的原始客户端明文\mir2\mir2.scenes.main.common.helper.util.lua,0,0,0,True,True,True,True,function-local-readable+method-sugar
mir264,mir2.scenes.main.common.helper.videoPlayer,D:\loym2\白猪G2.5 0518离线[必须更新]\dec\mir264_dec_还原\mir2.scenes.main.common.helper.videoPlayer,D:\loym2\白猪G2.5_0518_lua_plain_readable_20260710_014719\mir264\mir2.scenes.main.common.helper.videoPlayer.lua,D:\loym2\很早的原始客户端明文\mir2\mir2.scenes.main.common.helper.videoPlayer.lua,0,0,0,True,True,True,True,function-local-readable+method-sugar
mir264,mir2.scenes.main.common.keyboardEx,D:\loym2\白猪G2.5 0518离线[必须更新]\dec\mir264_dec_还原\mir2.scenes.main.common.keyboardEx,D:\loym2\白猪G2.5_0518_lua_plain_readable_20260710_014719\mir264\mir2.scenes.main.common.keyboardEx.lua,D:\loym2\很早的原始客户端明文\mir2\mir2.scenes.main.common.keyboardEx.lua,13,0,5,True,True,True,True,function-local-readable+method-sugar
mir264,mir2.scenes.main.common.lblInfo,D:\loym2\白猪G2.5 0518离线[必须更新]\dec\mir264_dec_还原\mir2.scenes.main.common.lblInfo,D:\loym2\白猪G2.5_0518_lua_plain_readable_20260710_014719\mir264\mir2.scenes.main.common.lblInfo.lua,,56,0,14,True,True,True,True,function-local-readable+method-sugar
mir264,mir2.scenes.main.common.messageBox,D:\loym2\白猪G2.5 0518离线[必须更新]\dec\mir264_dec_还原\mir2.scenes.main.common.messageBox,D:\loym2\白猪G2.5_0518_lua_plain_readable_20260710_014719\mir264\mir2.scenes.main.common.messageBox.lua,D:\loym2\很早的原始客户端明文\mir2\mir2.scenes.main.common.messageBox.lua,0,0,0,True,True,True,True,function-local-readable+method-sugar
mir264,mir2.scenes.main.common.picListenner,D:\loym2\白猪G2.5 0518离线[必须更新]\dec\mir264_dec_还原\mir2.scenes.main.common.picListenner,D:\loym2\白猪G2.5_0518_lua_plain_readable_20260710_014719\mir264\mir2.scenes.main.common.picListenner.lua,D:\loym2\很早的原始客户端明文\mir2\mir2.scenes.main.common.picListenner.lua,0,0,0,True,True,True,True,function-local-readable+method-sugar
mir264,mir2.scenes.main.common.plugCheck,D:\loym2\白猪G2.5 0518离线[必须更新]\dec\mir264_dec_还原\mir2.scenes.main.common.plugCheck,D:\loym2\白猪G2.5_0518_lua_plain_readable_20260710_014719\mir264\mir2.scenes.main.common.plugCheck.lua,D:\loym2\很早的原始客户端明文\mir2\mir2.scenes.main.common.plugCheck.lua,0,0,0,True,True,True,True,function-local-readable+method-sugar
mir264,mir2.scenes.main.common.textInfo,D:\loym2\白猪G2.5 0518离线[必须更新]\dec\mir264_dec_还原\mir2.scenes.main.common.textInfo,D:\loym2\白猪G2.5_0518_lua_plain_readable_20260710_014719\mir264\mir2.scenes.main.common.textInfo.lua,D:\loym2\很早的原始客户端明文\mir2\mir2.scenes.main.common.textInfo.lua,253,0,55,True,True,True,True,function-local-readable+method-sugar
mir264,mir2.scenes.main.common.titleInfo,D:\loym2\白猪G2.5 0518离线[必须更新]\dec\mir264_dec_还原\mir2.scenes.main.common.titleInfo,D:\loym2\白猪G2.5_0518_lua_plain_readable_20260710_014719\mir264\mir2.scenes.main.common.titleInfo.lua,D:\loym2\很早的原始客户端明文\mir2\mir2.scenes.main.common.titleInfo.lua,153,0,19,True,True,True,True,function-local-readable+method-sugar
mir264,mir2.scenes.main.common.voiceBtn,D:\loym2\白猪G2.5 0518离线[必须更新]\dec\mir264_dec_还原\mir2.scenes.main.common.voiceBtn,D:\loym2\白猪G2.5_0518_lua_plain_readable_20260710_014719\mir264\mir2.scenes.main.common.voiceBtn.lua,D:\loym2\很早的原始客户端明文\mir2\mir2.scenes.main.common.voiceBtn.lua,0,0,0,True,True,True,True,function-local-readable+method-sugar
mir264,mir2.scenes.main.common.voiceListenner,D:\loym2\白猪G2.5 0518离线[必须更新]\dec\mir264_dec_还原\mir2.scenes.main.common.voiceListenner,D:\loym2\白猪G2.5_0518_lua_plain_readable_20260710_014719\mir264\mir2.scenes.main.common.voiceListenner.lua,D:\loym2\很早的原始客户端明文\mir2\mir2.scenes.main.common.voiceListenner.lua,0,0,0,True,True,True,True,function-local-readable+method-sugar
mir264,mir2.scenes.main.common.voiceTip,D:\loym2\白猪G2.5 0518离线[必须更新]\dec\mir264_dec_还原\mir2.scenes.main.common.voiceTip,D:\loym2\白猪G2.5_0518_lua_plain_readable_20260710_014719\mir264\mir2.scenes.main.common.voiceTip.lua,D:\loym2\很早的原始客户端明文\mir2\mir2.scenes.main.common.voiceTip.lua,0,0,0,True,True,True,True,function-local-readable+method-sugar
mir264,mir2.scenes.main.common.yayaListenner,D:\loym2\白猪G2.5 0518离线[必须更新]\dec\mir264_dec_还原\mir2.scenes.main.common.yayaListenner,D:\loym2\白猪G2.5_0518_lua_plain_readable_20260710_014719\mir264\mir2.scenes.main.common.yayaListenner.lua,D:\loym2\很早的原始客户端明文\mir2\mir2.scenes.main.common.yayaListenner.lua,0,0,0,True,True,True,True,function-local-readable+method-sugar
mir264,mir2.scenes.main.console.btnCallbacks,D:\loym2\白猪G2.5 0518离线[必须更新]\dec\mir264_dec_还原\mir2.scenes.main.console.btnCallbacks,D:\loym2\白猪G2.5_0518_lua_plain_readable_20260710_014719\mir264\mir2.scenes.main.console.btnCallbacks.lua,D:\loym2\很早的原始客户端明文\mir2\mir2.scenes.main.console.btnCallbacks.lua,1008,0,172,True,True,True,True,function-local-readable+method-sugar
mir264,mir2.scenes.main.console.btnEx,D:\loym2\白猪G2.5 0518离线[必须更新]\dec\mir264_dec_还原\mir2.scenes.main.console.btnEx,D:\loym2\白猪G2.5_0518_lua_plain_readable_20260710_014719\mir264\mir2.scenes.main.console.btnEx.lua,D:\loym2\很早的原始客户端明文\mir2\mir2.scenes.main.console.btnEx.lua,119,0,25,True,True,True,True,function-local-readable+method-sugar
mir264,mir2.scenes.main.console.controller1,D:\loym2\白猪G2.5 0518离线[必须更新]\dec\mir264_dec_还原\mir2.scenes.main.console.controller1,D:\loym2\白猪G2.5_0518_lua_plain_readable_20260710_014719\mir264\mir2.scenes.main.console.controller1.lua,D:\loym2\很早的原始客户端明文\mir2\mir2.scenes.main.console.controller.lua,0,0,0,True,True,True,True,function-local-readable+method-sugar
mir264,mir2.scenes.main.console.detail1,D:\loym2\白猪G2.5 0518离线[必须更新]\dec\mir264_dec_还原\mir2.scenes.main.console.detail1,D:\loym2\白猪G2.5_0518_lua_plain_readable_20260710_014719\mir264\mir2.scenes.main.console.detail1.lua,D:\loym2\很早的原始客户端明文\mir2\mir2.scenes.main.console.detail.lua,0,0,0,True,True,True,True,function-local-readable+method-sugar
mir264,mir2.scenes.main.console.iconFunc,D:\loym2\白猪G2.5 0518离线[必须更新]\dec\mir264_dec_还原\mir2.scenes.main.console.iconFunc,D:\loym2\白猪G2.5_0518_lua_plain_readable_20260710_014719\mir264\mir2.scenes.main.console.iconFunc.lua,D:\loym2\很早的原始客户端明文\mir2\mir2.scenes.main.console.iconFunc.lua,0,0,0,True,True,True,True,function-local-readable+method-sugar
mir264,mir2.scenes.main.console.replaceAsk,D:\loym2\白猪G2.5 0518离线[必须更新]\dec\mir264_dec_还原\mir2.scenes.main.console.replaceAsk,D:\loym2\白猪G2.5_0518_lua_plain_readable_20260710_014719\mir264\mir2.scenes.main.console.replaceAsk.lua,D:\loym2\很早的原始客户端明文\mir2\mir2.scenes.main.console.replaceAsk.lua,46,0,7,True,True,True,True,function-local-readable+method-sugar
mir264,mir2.scenes.main.console.shortcutKey,D:\loym2\白猪G2.5 0518离线[必须更新]\dec\mir264_dec_还原\mir2.scenes.main.console.shortcutKey,D:\loym2\白猪G2.5_0518_lua_plain_readable_20260710_014719\mir264\mir2.scenes.main.console.shortcutKey.lua,D:\loym2\很早的原始客户端明文\mir2\mir2.scenes.main.console.shortcutKey.lua,0,0,0,True,True,True,True,function-local-readable+method-sugar
mir264,mir2.scenes.main.console.widget._delegate,D:\loym2\白猪G2.5 0518离线[必须更新]\dec\mir264_dec_还原\mir2.scenes.main.console.widget._delegate,D:\loym2\白猪G2.5_0518_lua_plain_readable_20260710_014719\mir264\mir2.scenes.main.console.widget._delegate.lua,D:\loym2\很早的原始客户端明文\mir2\mir2.scenes.main.console.widget._delegate.lua,0,0,0,True,True,True,True,function-local-readable+method-sugar
mir264,mir2.scenes.main.console.widget.attackBtns,D:\loym2\白猪G2.5 0518离线[必须更新]\dec\mir264_dec_还原\mir2.scenes.main.console.widget.attackBtns,D:\loym2\白猪G2.5_0518_lua_plain_readable_20260710_014719\mir264\mir2.scenes.main.console.widget.attackBtns.lua,,354,0,37,True,True,True,True,function-local-readable+method-sugar
mir264,mir2.scenes.main.console.widget.bottom,D:\loym2\白猪G2.5 0518离线[必须更新]\dec\mir264_dec_还原\mir2.scenes.main.console.widget.bottom,D:\loym2\白猪G2.5_0518_lua_plain_readable_20260710_014719\mir264\mir2.scenes.main.console.widget.bottom.lua,D:\loym2\很早的原始客户端明文\mir2\mir2.scenes.main.console.widget.bottom.lua,297,0,63,True,True,True,True,function-local-readable+method-sugar
mir264,mir2.scenes.main.console.widget.btnFixed,D:\loym2\白猪G2.5 0518离线[必须更新]\dec\mir264_dec_还原\mir2.scenes.main.console.widget.btnFixed,D:\loym2\白猪G2.5_0518_lua_plain_readable_20260710_014719\mir264\mir2.scenes.main.console.widget.btnFixed.lua,D:\loym2\很早的原始客户端明文\mir2\mir2.scenes.main.console.widget.btnFixed.lua,210,0,39,True,True,True,True,function-local-readable+method-sugar
mir264,mir2.scenes.main.console.widget.btnMove,D:\loym2\白猪G2.5 0518离线[必须更新]\dec\mir264_dec_还原\mir2.scenes.main.console.widget.btnMove,D:\loym2\白猪G2.5_0518_lua_plain_readable_20260710_014719\mir264\mir2.scenes.main.console.widget.btnMove.lua,D:\loym2\很早的原始客户端明文\mir2\mir2.scenes.main.console.widget.btnMove.lua,534,0,120,True,True,True,True,function-local-readable+method-sugar
mir264,mir2.scenes.main.console.widget.chat,D:\loym2\白猪G2.5 0518离线[必须更新]\dec\mir264_dec_还原\mir2.scenes.main.console.widget.chat,D:\loym2\白猪G2.5_0518_lua_plain_readable_20260710_014719\mir264\mir2.scenes.main.console.widget.chat.lua,D:\loym2\很早的原始客户端明文\mir2\mir2.scenes.main.console.widget.chat.lua,603,0,119,True,True,True,True,function-local-readable+method-sugar
mir264,mir2.scenes.main.console.widget.hp,D:\loym2\白猪G2.5 0518离线[必须更新]\dec\mir264_dec_还原\mir2.scenes.main.console.widget.hp,D:\loym2\白猪G2.5_0518_lua_plain_readable_20260710_014719\mir264\mir2.scenes.main.console.widget.hp.lua,D:\loym2\很早的原始客户端明文\mir2\mir2.scenes.main.console.widget.hp.lua,270,0,39,True,True,True,True,function-local-readable+method-sugar
mir264,mir2.scenes.main.console.widget.infoBar,D:\loym2\白猪G2.5 0518离线[必须更新]\dec\mir264_dec_还原\mir2.scenes.main.console.widget.infoBar,D:\loym2\白猪G2.5_0518_lua_plain_readable_20260710_014719\mir264\mir2.scenes.main.console.widget.infoBar.lua,D:\loym2\很早的原始客户端明文\mir2\mir2.scenes.main.console.widget.infoBar.lua,432,0,68,True,True,True,True,scoped-readable+method-sugar
mir264,mir2.scenes.main.console.widget.tasks,D:\loym2\白猪G2.5 0518离线[必须更新]\dec\mir264_dec_还原\mir2.scenes.main.console.widget.tasks,D:\loym2\白猪G2.5_0518_lua_plain_readable_20260710_014719\mir264\mir2.scenes.main.console.widget.tasks.lua,,668,0,130,True,True,True,True,scope-safe-readable-fallback
mir264,mir2.scenes.main.console.widget.voiceBtnJIT,D:\loym2\白猪G2.5 0518离线[必须更新]\dec\mir264_dec_还原\mir2.scenes.main.console.widget.voiceBtnJIT,D:\loym2\白猪G2.5_0518_lua_plain_readable_20260710_014719\mir264\mir2.scenes.main.console.widget.voiceBtnJIT.lua,D:\loym2\很早的原始客户端明文\mir2\mir2.scenes.main.console.widget.voiceBtnJIT.lua,0,0,0,True,True,True,True,function-local-readable+method-sugar
mir264,mir2.scenes.main.map.def,D:\loym2\白猪G2.5 0518离线[必须更新]\dec\mir264_dec_还原\mir2.scenes.main.map.def,D:\loym2\白猪G2.5_0518_lua_plain_readable_20260710_014719\mir264\mir2.scenes.main.map.def.lua,D:\loym2\很早的原始客户端明文\mir2\mir2.scenes.main.map.def.lua,27,0,8,True,True,True,True,function-local-readable+method-sugar
mir264,mir2.scenes.main.map.maptile,D:\loym2\白猪G2.5 0518离线[必须更新]\dec\mir264_dec_还原\mir2.scenes.main.map.maptile,D:\loym2\白猪G2.5_0518_lua_plain_readable_20260710_014719\mir264\mir2.scenes.main.map.maptile.lua,D:\loym2\很早的原始客户端明文\mir2\mir2.scenes.main.map.maptile.lua,0,0,0,True,True,True,True,function-local-readable+method-sugar
mir264,mir2.scenes.main.panel._delegate,D:\loym2\白猪G2.5 0518离线[必须更新]\dec\mir264_dec_还原\mir2.scenes.main.panel._delegate,D:\loym2\白猪G2.5_0518_lua_plain_readable_20260710_014719\mir264\mir2.scenes.main.panel._delegate.lua,D:\loym2\很早的原始客户端明文\mir2\mir2.scenes.main.panel._delegate.lua,0,0,0,True,True,True,True,function-local-readable+method-sugar
mir264,mir2.scenes.main.panel.bag,D:\loym2\白猪G2.5 0518离线[必须更新]\dec\mir264_dec_还原\mir2.scenes.main.panel.bag,D:\loym2\白猪G2.5_0518_lua_plain_readable_20260710_014719\mir264\mir2.scenes.main.panel.bag.lua,D:\loym2\很早的原始客户端明文\mir2\mir2.scenes.main.panel.bag.lua,4,0,2,True,True,True,True,function-local-readable+method-sugar
mir264,mir2.scenes.main.panel.bigmap,D:\loym2\白猪G2.5 0518离线[必须更新]\dec\mir264_dec_还原\mir2.scenes.main.panel.bigmap,D:\loym2\白猪G2.5_0518_lua_plain_readable_20260710_014719\mir264\mir2.scenes.main.panel.bigmap.lua,D:\loym2\很早的原始客户端明文\mir2\mir2.scenes.main.panel.bigmap.lua,931,0,191,True,True,True,True,function-local-readable+method-sugar
mir264,mir2.scenes.main.panel.bigmap1,D:\loym2\白猪G2.5 0518离线[必须更新]\dec\mir264_dec_还原\mir2.scenes.main.panel.bigmap1,D:\loym2\白猪G2.5_0518_lua_plain_readable_20260710_014719\mir264\mir2.scenes.main.panel.bigmap1.lua,D:\loym2\很早的原始客户端明文\mir2\mir2.scenes.main.panel.bigmap.lua,938,0,195,True,True,True,True,function-local-readable+method-sugar
mir264,mir2.scenes.main.panel.bigmapOther,D:\loym2\白猪G2.5 0518离线[必须更新]\dec\mir264_dec_还原\mir2.scenes.main.panel.bigmapOther,D:\loym2\白猪G2.5_0518_lua_plain_readable_20260710_014719\mir264\mir2.scenes.main.panel.bigmapOther.lua,D:\loym2\很早的原始客户端明文\mir2\mir2.scenes.main.panel.bigmapOther.lua,0,0,0,True,True,True,True,function-local-readable+method-sugar
mir264,mir2.scenes.main.panel.charge,D:\loym2\白猪G2.5 0518离线[必须更新]\dec\mir264_dec_还原\mir2.scenes.main.panel.charge,D:\loym2\白猪G2.5_0518_lua_plain_readable_20260710_014719\mir264\mir2.scenes.main.panel.charge.lua,,236,0,62,True,True,True,True,function-local-readable+method-sugar
mir264,mir2.scenes.main.panel.chat,D:\loym2\白猪G2.5 0518离线[必须更新]\dec\mir264_dec_还原\mir2.scenes.main.panel.chat,D:\loym2\白猪G2.5_0518_lua_plain_readable_20260710_014719\mir264\mir2.scenes.main.panel.chat.lua,D:\loym2\很早的原始客户端明文\mir2\mir2.scenes.main.panel.chat.lua,4,0,2,True,True,True,True,function-local-readable+method-sugar
mir264,mir2.scenes.main.panel.diy,D:\loym2\白猪G2.5 0518离线[必须更新]\dec\mir264_dec_还原\mir2.scenes.main.panel.diy,D:\loym2\白猪G2.5_0518_lua_plain_readable_20260710_014719\mir264\mir2.scenes.main.panel.diy.lua,D:\loym2\很早的原始客户端明文\mir2\mir2.scenes.main.panel.diy.lua,548,0,132,True,True,True,True,function-local-readable+method-sugar
mir264,mir2.scenes.main.panel.diySave,D:\loym2\白猪G2.5 0518离线[必须更新]\dec\mir264_dec_还原\mir2.scenes.main.panel.diySave,D:\loym2\白猪G2.5_0518_lua_plain_readable_20260710_014719\mir264\mir2.scenes.main.panel.diySave.lua,D:\loym2\很早的原始客户端明文\mir2\mir2.scenes.main.panel.diySave.lua,179,0,44,True,True,True,True,function-local-readable+method-sugar
mir264,mir2.scenes.main.panel.driftMsg,D:\loym2\白猪G2.5 0518离线[必须更新]\dec\mir264_dec_还原\mir2.scenes.main.panel.driftMsg,D:\loym2\白猪G2.5_0518_lua_plain_readable_20260710_014719\mir264\mir2.scenes.main.panel.driftMsg.lua,D:\loym2\很早的原始客户端明文\mir2\mir2.scenes.main.panel.driftMsg.lua,0,0,0,True,True,True,True,function-local-readable+method-sugar
mir264,mir2.scenes.main.panel.dynamicPanel,D:\loym2\白猪G2.5 0518离线[必须更新]\dec\mir264_dec_还原\mir2.scenes.main.panel.dynamicPanel,D:\loym2\白猪G2.5_0518_lua_plain_readable_20260710_014719\mir264\mir2.scenes.main.panel.dynamicPanel.lua,,255,0,58,True,True,True,True,function-local-readable+method-sugar
mir264,mir2.scenes.main.panel.equip,D:\loym2\白猪G2.5 0518离线[必须更新]\dec\mir264_dec_还原\mir2.scenes.main.panel.equip,D:\loym2\白猪G2.5_0518_lua_plain_readable_20260710_014719\mir264\mir2.scenes.main.panel.equip.lua,D:\loym2\很早的原始客户端明文\mir2\mir2.scenes.main.panel.equip.lua,1093,0,202,True,True,True,True,scoped-readable+method-sugar
mir264,mir2.scenes.main.panel.equipOther,D:\loym2\白猪G2.5 0518离线[必须更新]\dec\mir264_dec_还原\mir2.scenes.main.panel.equipOther,D:\loym2\白猪G2.5_0518_lua_plain_readable_20260710_014719\mir264\mir2.scenes.main.panel.equipOther.lua,D:\loym2\很早的原始客户端明文\mir2\mir2.scenes.main.panel.equipOther.lua,408,0,67,True,True,True,True,function-local-readable+method-sugar
mir264,mir2.scenes.main.panel.equipPc,D:\loym2\白猪G2.5 0518离线[必须更新]\dec\mir264_dec_还原\mir2.scenes.main.panel.equipPc,D:\loym2\白猪G2.5_0518_lua_plain_readable_20260710_014719\mir264\mir2.scenes.main.panel.equipPc.lua,D:\loym2\很早的原始客户端明文\mir2\mir2.scenes.main.panel.equipPc.lua,0,0,0,True,True,True,True,function-local-readable+method-sugar
mir264,mir2.scenes.main.panel.fusion,D:\loym2\白猪G2.5 0518离线[必须更新]\dec\mir264_dec_还原\mir2.scenes.main.panel.fusion,D:\loym2\白猪G2.5_0518_lua_plain_readable_20260710_014719\mir264\mir2.scenes.main.panel.fusion.lua,D:\loym2\很早的原始客户端明文\mir2\mir2.scenes.main.panel.fusion.lua,0,0,0,True,True,True,True,function-local-readable+method-sugar
mir264,mir2.scenes.main.panel.heroBag,D:\loym2\白猪G2.5 0518离线[必须更新]\dec\mir264_dec_还原\mir2.scenes.main.panel.heroBag,D:\loym2\白猪G2.5_0518_lua_plain_readable_20260710_014719\mir264\mir2.scenes.main.panel.heroBag.lua,D:\loym2\很早的原始客户端明文\mir2\mir2.scenes.main.panel.heroBag.lua,208,0,39,True,True,True,True,function-local-readable+method-sugar
mir264,mir2.scenes.main.panel.heroBag1,D:\loym2\白猪G2.5 0518离线[必须更新]\dec\mir264_dec_还原\mir2.scenes.main.panel.heroBag1,D:\loym2\白猪G2.5_0518_lua_plain_readable_20260710_014719\mir264\mir2.scenes.main.panel.heroBag1.lua,D:\loym2\很早的原始客户端明文\mir2\mir2.scenes.main.panel.heroBag.lua,0,0,0,True,True,True,True,function-local-readable+method-sugar
mir264,mir2.scenes.main.panel.heroEquip,D:\loym2\白猪G2.5 0518离线[必须更新]\dec\mir264_dec_还原\mir2.scenes.main.panel.heroEquip,D:\loym2\白猪G2.5_0518_lua_plain_readable_20260710_014719\mir264\mir2.scenes.main.panel.heroEquip.lua,D:\loym2\很早的原始客户端明文\mir2\mir2.scenes.main.panel.heroEquip.lua,0,0,0,True,True,True,True,function-local-readable+method-sugar
mir264,mir2.scenes.main.panel.heroHead,D:\loym2\白猪G2.5 0518离线[必须更新]\dec\mir264_dec_还原\mir2.scenes.main.panel.heroHead,D:\loym2\白猪G2.5_0518_lua_plain_readable_20260710_014719\mir264\mir2.scenes.main.panel.heroHead.lua,D:\loym2\很早的原始客户端明文\mir2\mir2.scenes.main.panel.heroHead.lua,219,0,40,True,True,True,True,function-local-readable+method-sugar
mir264,mir2.scenes.main.panel.magicKeySetting,D:\loym2\白猪G2.5 0518离线[必须更新]\dec\mir264_dec_还原\mir2.scenes.main.panel.magicKeySetting,D:\loym2\白猪G2.5_0518_lua_plain_readable_20260710_014719\mir264\mir2.scenes.main.panel.magicKeySetting.lua,D:\loym2\很早的原始客户端明文\mir2\mir2.scenes.main.panel.magicKeySetting.lua,0,0,0,True,True,True,True,function-local-readable+method-sugar
mir264,mir2.scenes.main.panel.mixingDrug,D:\loym2\白猪G2.5 0518离线[必须更新]\dec\mir264_dec_还原\mir2.scenes.main.panel.mixingDrug,D:\loym2\白猪G2.5_0518_lua_plain_readable_20260710_014719\mir264\mir2.scenes.main.panel.mixingDrug.lua,D:\loym2\很早的原始客户端明文\mir2\mir2.scenes.main.panel.mixingDrug.lua,397,0,93,True,True,True,True,function-local-readable+method-sugar
mir264,mir2.scenes.main.panel.nicehp,D:\loym2\白猪G2.5 0518离线[必须更新]\dec\mir264_dec_还原\mir2.scenes.main.panel.nicehp,D:\loym2\白猪G2.5_0518_lua_plain_readable_20260710_014719\mir264\mir2.scenes.main.panel.nicehp.lua,,398,0,89,True,True,True,True,function-local-readable+method-sugar
mir264,mir2.scenes.main.panel.npc1,D:\loym2\白猪G2.5 0518离线[必须更新]\dec\mir264_dec_还原\mir2.scenes.main.panel.npc1,D:\loym2\白猪G2.5_0518_lua_plain_readable_20260710_014719\mir264\mir2.scenes.main.panel.npc1.lua,D:\loym2\很早的原始客户端明文\mir2\mir2.scenes.main.panel.npc.lua,0,0,0,True,True,True,True,function-local-readable+method-sugar
mir264,mir2.scenes.main.panel.screenshot,D:\loym2\白猪G2.5 0518离线[必须更新]\dec\mir264_dec_还原\mir2.scenes.main.panel.screenshot,D:\loym2\白猪G2.5_0518_lua_plain_readable_20260710_014719\mir264\mir2.scenes.main.panel.screenshot.lua,D:\loym2\很早的原始客户端明文\mir2\mir2.scenes.main.panel.screenshot.lua,0,0,0,True,True,True,True,function-local-readable+method-sugar
mir264,mir2.scenes.main.panel.screenshotLook,D:\loym2\白猪G2.5 0518离线[必须更新]\dec\mir264_dec_还原\mir2.scenes.main.panel.screenshotLook,D:\loym2\白猪G2.5_0518_lua_plain_readable_20260710_014719\mir264\mir2.scenes.main.panel.screenshotLook.lua,D:\loym2\很早的原始客户端明文\mir2\mir2.scenes.main.panel.screenshotLook.lua,0,0,0,True,True,True,True,function-local-readable+method-sugar
mir264,mir2.scenes.main.panel.security,D:\loym2\白猪G2.5 0518离线[必须更新]\dec\mir264_dec_还原\mir2.scenes.main.panel.security,D:\loym2\白猪G2.5_0518_lua_plain_readable_20260710_014719\mir264\mir2.scenes.main.panel.security.lua,D:\loym2\很早的原始客户端明文\mir2\mir2.scenes.main.panel.security.lua,0,0,0,True,True,True,True,function-local-readable+method-sugar
mir264,mir2.scenes.main.panel.storage,D:\loym2\白猪G2.5 0518离线[必须更新]\dec\mir264_dec_还原\mir2.scenes.main.panel.storage,D:\loym2\白猪G2.5_0518_lua_plain_readable_20260710_014719\mir264\mir2.scenes.main.panel.storage.lua,D:\loym2\很早的原始客户端明文\mir2\mir2.scenes.main.panel.storage.lua,4,0,2,True,True,True,True,function-local-readable+method-sugar
mir264,mir2.scenes.main.panel.storage1,D:\loym2\白猪G2.5 0518离线[必须更新]\dec\mir264_dec_还原\mir2.scenes.main.panel.storage1,D:\loym2\白猪G2.5_0518_lua_plain_readable_20260710_014719\mir264\mir2.scenes.main.panel.storage1.lua,D:\loym2\很早的原始客户端明文\mir2\mir2.scenes.main.panel.storage.lua,0,0,0,True,True,True,True,function-local-readable+method-sugar
mir264,mir2.scenes.main.panel.strengthen,D:\loym2\白猪G2.5 0518离线[必须更新]\dec\mir264_dec_还原\mir2.scenes.main.panel.strengthen,D:\loym2\白猪G2.5_0518_lua_plain_readable_20260710_014719\mir264\mir2.scenes.main.panel.strengthen.lua,D:\loym2\很早的原始客户端明文\mir2\mir2.scenes.main.panel.strengthen.lua,733,0,179,True,True,True,True,function-local-readable+method-sugar
mir264,mir2.scenes.main.panel.treasureBox,D:\loym2\白猪G2.5 0518离线[必须更新]\dec\mir264_dec_还原\mir2.scenes.main.panel.treasureBox,D:\loym2\白猪G2.5_0518_lua_plain_readable_20260710_014719\mir264\mir2.scenes.main.panel.treasureBox.lua,D:\loym2\很早的原始客户端明文\mir2\mir2.scenes.main.panel.treasureBox.lua,0,0,0,True,True,True,True,function-local-readable+method-sugar
mir264,mir2.scenes.main.panel.UIEditor,D:\loym2\白猪G2.5 0518离线[必须更新]\dec\mir264_dec_还原\mir2.scenes.main.panel.UIEditor,D:\loym2\白猪G2.5_0518_lua_plain_readable_20260710_014719\mir264\mir2.scenes.main.panel.UIEditor.lua,D:\loym2\很早的原始客户端明文\mir2\mir2.scenes.main.panel.UIEditor.lua,0,0,0,True,True,True,True,function-local-readable+method-sugar
mir264,mir2.scenes.main.panel.voice,D:\loym2\白猪G2.5 0518离线[必须更新]\dec\mir264_dec_还原\mir2.scenes.main.panel.voice,D:\loym2\白猪G2.5_0518_lua_plain_readable_20260710_014719\mir264\mir2.scenes.main.panel.voice.lua,D:\loym2\很早的原始客户端明文\mir2\mir2.scenes.main.panel.voice.lua,0,0,0,True,True,True,True,function-local-readable+method-sugar
mir264,mir2.scenes.main.panel.ybdeal,D:\loym2\白猪G2.5 0518离线[必须更新]\dec\mir264_dec_还原\mir2.scenes.main.panel.ybdeal,D:\loym2\白猪G2.5_0518_lua_plain_readable_20260710_014719\mir264\mir2.scenes.main.panel.ybdeal.lua,D:\loym2\很早的原始客户端明文\mir2\mir2.scenes.main.panel.ybdeal.lua,453,0,124,True,True,True,True,scoped-readable+method-sugar
mir264,mir2.scenes.main.panel.yiyimonhp,D:\loym2\白猪G2.5 0518离线[必须更新]\dec\mir264_dec_还原\mir2.scenes.main.panel.yiyimonhp,D:\loym2\白猪G2.5_0518_lua_plain_readable_20260710_014719\mir264\mir2.scenes.main.panel.yiyimonhp.lua,,71,0,17,True,True,True,True,function-local-readable+method-sugar
mir264,mir2.scenes.main.pc.hotKeySetting,D:\loym2\白猪G2.5 0518离线[必须更新]\dec\mir264_dec_还原\mir2.scenes.main.pc.hotKeySetting,D:\loym2\白猪G2.5_0518_lua_plain_readable_20260710_014719\mir264\mir2.scenes.main.pc.hotKeySetting.lua,D:\loym2\很早的原始客户端明文\mir2\mir2.scenes.main.pc.hotKeySetting.lua,0,0,0,True,True,True,True,function-local-readable+method-sugar
mir264,mir2.scenes.main.pc.operate,D:\loym2\白猪G2.5 0518离线[必须更新]\dec\mir264_dec_还原\mir2.scenes.main.pc.operate,D:\loym2\白猪G2.5_0518_lua_plain_readable_20260710_014719\mir264\mir2.scenes.main.pc.operate.lua,D:\loym2\很早的原始客户端明文\mir2\mir2.scenes.main.pc.operate.lua,0,0,0,True,True,True,True,function-local-readable+method-sugar
mir264,mir2.scenes.main.pc.skilldelegate,D:\loym2\白猪G2.5 0518离线[必须更新]\dec\mir264_dec_还原\mir2.scenes.main.pc.skilldelegate,D:\loym2\白猪G2.5_0518_lua_plain_readable_20260710_014719\mir264\mir2.scenes.main.pc.skilldelegate.lua,D:\loym2\很早的原始客户端明文\mir2\mir2.scenes.main.pc.skilldelegate.lua,0,0,0,True,True,True,True,function-local-readable+method-sugar
mir264,mir2.scenes.main.pc.uicontroller,D:\loym2\白猪G2.5 0518离线[必须更新]\dec\mir264_dec_还原\mir2.scenes.main.pc.uicontroller,D:\loym2\白猪G2.5_0518_lua_plain_readable_20260710_014719\mir264\mir2.scenes.main.pc.uicontroller.lua,D:\loym2\很早的原始客户端明文\mir2\mir2.scenes.main.pc.uicontroller.lua,0,0,0,True,True,True,True,function-local-readable+method-sugar
mir264,mir2.scenes.main.role.def,D:\loym2\白猪G2.5 0518离线[必须更新]\dec\mir264_dec_还原\mir2.scenes.main.role.def,D:\loym2\白猪G2.5_0518_lua_plain_readable_20260710_014719\mir264\mir2.scenes.main.role.def.lua,D:\loym2\很早的原始客户端明文\mir2\mir2.scenes.main.role.def.lua,0,0,0,True,True,True,True,function-local-readable+method-sugar
mir264,mir2.scenes.main.role.def.frame,D:\loym2\白猪G2.5 0518离线[必须更新]\dec\mir264_dec_还原\mir2.scenes.main.role.def.frame,D:\loym2\白猪G2.5_0518_lua_plain_readable_20260710_014719\mir264\mir2.scenes.main.role.def.frame.lua,D:\loym2\很早的原始客户端明文\mir2\mir2.scenes.main.role.def.frame.lua,0,0,0,True,True,True,True,function-local-readable+method-sugar
mir264,mir2.scenes.main.role.def.hp,D:\loym2\白猪G2.5 0518离线[必须更新]\dec\mir264_dec_还原\mir2.scenes.main.role.def.hp,D:\loym2\白猪G2.5_0518_lua_plain_readable_20260710_014719\mir264\mir2.scenes.main.role.def.hp.lua,D:\loym2\很早的原始客户端明文\mir2\mir2.scenes.main.role.def.hp.lua,71,0,22,True,True,True,True,function-local-readable+method-sugar
mir264,mir2.scenes.main.role.def.mon,D:\loym2\白猪G2.5 0518离线[必须更新]\dec\mir264_dec_还原\mir2.scenes.main.role.def.mon,D:\loym2\白猪G2.5_0518_lua_plain_readable_20260710_014719\mir264\mir2.scenes.main.role.def.mon.lua,D:\loym2\很早的原始客户端明文\mir2\mir2.scenes.main.role.def.mon.lua,0,0,0,True,True,True,True,function-local-readable+method-sugar
mir264,mir2.scenes.main.role.def.offset,D:\loym2\白猪G2.5 0518离线[必须更新]\dec\mir264_dec_还原\mir2.scenes.main.role.def.offset,D:\loym2\白猪G2.5_0518_lua_plain_readable_20260710_014719\mir264\mir2.scenes.main.role.def.offset.lua,D:\loym2\很早的原始客户端明文\mir2\mir2.scenes.main.role.def.offset.lua,0,0,0,True,True,True,True,function-local-readable+method-sugar
mir264,mir2.scenes.main.role.def.state,D:\loym2\白猪G2.5 0518离线[必须更新]\dec\mir264_dec_还原\mir2.scenes.main.role.def.state,D:\loym2\白猪G2.5_0518_lua_plain_readable_20260710_014719\mir264\mir2.scenes.main.role.def.state.lua,D:\loym2\很早的原始客户端明文\mir2\mir2.scenes.main.role.def.state.lua,0,0,0,True,True,True,True,function-local-readable+method-sugar
mir264,mir2.scenes.main.role.def.weapon,D:\loym2\白猪G2.5 0518离线[必须更新]\dec\mir264_dec_还原\mir2.scenes.main.role.def.weapon,D:\loym2\白猪G2.5_0518_lua_plain_readable_20260710_014719\mir264\mir2.scenes.main.role.def.weapon.lua,D:\loym2\很早的原始客户端明文\mir2\mir2.scenes.main.role.def.weapon.lua,0,0,0,True,True,True,True,function-local-readable+method-sugar
mir264,mir2.scenes.main.role.hero,D:\loym2\白猪G2.5 0518离线[必须更新]\dec\mir264_dec_还原\mir2.scenes.main.role.hero,D:\loym2\白猪G2.5_0518_lua_plain_readable_20260710_014719\mir264\mir2.scenes.main.role.hero.lua,D:\loym2\很早的原始客户端明文\mir2\mir2.scenes.main.role.hero.lua,55,0,12,True,True,True,True,function-local-readable+method-sugar
mir264,mir2.scenes.main.role.info1,D:\loym2\白猪G2.5 0518离线[必须更新]\dec\mir264_dec_还原\mir2.scenes.main.role.info1,D:\loym2\白猪G2.5_0518_lua_plain_readable_20260710_014719\mir264\mir2.scenes.main.role.info1.lua,D:\loym2\很早的原始客户端明文\mir2\mir2.scenes.main.role.info.lua,0,0,0,True,True,True,True,function-local-readable+method-sugar
mir264,mir2.scenes.main.scene,D:\loym2\白猪G2.5 0518离线[必须更新]\dec\mir264_dec_还原\mir2.scenes.main.scene,D:\loym2\白猪G2.5_0518_lua_plain_readable_20260710_014719\mir264\mir2.scenes.main.scene.lua,D:\loym2\很早的原始客户端明文\mir2\mir2.scenes.main.scene.lua,281,0,58,True,True,True,True,function-local-readable+method-sugar
mir264,mir2.scenes.notice.scene,D:\loym2\白猪G2.5 0518离线[必须更新]\dec\mir264_dec_还原\mir2.scenes.notice.scene,D:\loym2\白猪G2.5_0518_lua_plain_readable_20260710_014719\mir264\mir2.scenes.notice.scene.lua,D:\loym2\很早的原始客户端明文\mir2\mir2.scenes.notice.scene.lua,142,0,35,True,True,True,True,function-local-readable+method-sugar
mir264,mir2.scenes.pc.operate,D:\loym2\白猪G2.5 0518离线[必须更新]\dec\mir264_dec_还原\mir2.scenes.pc.operate,D:\loym2\白猪G2.5_0518_lua_plain_readable_20260710_014719\mir264\mir2.scenes.pc.operate.lua,D:\loym2\很早的原始客户端明文\mir2\mir2.scenes.pc.operate.lua,0,0,0,True,True,True,True,function-local-readable+method-sugar
mir264,mir2.scenes.pc.skilldelegate,D:\loym2\白猪G2.5 0518离线[必须更新]\dec\mir264_dec_还原\mir2.scenes.pc.skilldelegate,D:\loym2\白猪G2.5_0518_lua_plain_readable_20260710_014719\mir264\mir2.scenes.pc.skilldelegate.lua,D:\loym2\很早的原始客户端明文\mir2\mir2.scenes.pc.skilldelegate.lua,0,0,0,True,True,True,True,function-local-readable+method-sugar
mir264,mir2.scenes.pc.uicontroller,D:\loym2\白猪G2.5 0518离线[必须更新]\dec\mir264_dec_还原\mir2.scenes.pc.uicontroller,D:\loym2\白猪G2.5_0518_lua_plain_readable_20260710_014719\mir264\mir2.scenes.pc.uicontroller.lua,D:\loym2\很早的原始客户端明文\mir2\mir2.scenes.pc.uicontroller.lua,0,0,0,True,True,True,True,function-local-readable+method-sugar
mir264,mir2.scenes.reconnect.scene,D:\loym2\白猪G2.5 0518离线[必须更新]\dec\mir264_dec_还原\mir2.scenes.reconnect.scene,D:\loym2\白猪G2.5_0518_lua_plain_readable_20260710_014719\mir264\mir2.scenes.reconnect.scene.lua,D:\loym2\很早的原始客户端明文\mir2\mir2.scenes.reconnect.scene.lua,147,0,32,True,True,True,True,function-local-readable+method-sugar
mir264,mir2.scenes.select.role,D:\loym2\白猪G2.5 0518离线[必须更新]\dec\mir264_dec_还原\mir2.scenes.select.role,D:\loym2\白猪G2.5_0518_lua_plain_readable_20260710_014719\mir264\mir2.scenes.select.role.lua,D:\loym2\很早的原始客户端明文\mir2\mir2.scenes.select.role.lua,108,0,22,True,True,True,True,function-local-readable+method-sugar
mir264,mir2.scenes.select.scene,D:\loym2\白猪G2.5 0518离线[必须更新]\dec\mir264_dec_还原\mir2.scenes.select.scene,D:\loym2\白猪G2.5_0518_lua_plain_readable_20260710_014719\mir264\mir2.scenes.select.scene.lua,D:\loym2\很早的原始客户端明文\mir2\mir2.scenes.select.scene.lua,902,0,160,True,True,True,True,function-local-readable+method-sugar
mir264,mir2.scenes.sfselect.scene,D:\loym2\白猪G2.5 0518离线[必须更新]\dec\mir264_dec_还原\mir2.scenes.sfselect.scene,D:\loym2\白猪G2.5_0518_lua_plain_readable_20260710_014719\mir264\mir2.scenes.sfselect.scene.lua,D:\loym2\很早的原始客户端明文\mir2\mir2.scenes.sfselect.scene.lua,526,0,139,True,True,True,True,function-local-readable+method-sugar
mir264,mir2.scenes.sfselect.sflist,D:\loym2\白猪G2.5 0518离线[必须更新]\dec\mir264_dec_还原\mir2.scenes.sfselect.sflist,D:\loym2\白猪G2.5_0518_lua_plain_readable_20260710_014719\mir264\mir2.scenes.sfselect.sflist.lua,D:\loym2\很早的原始客户端明文\mir2\mir2.scenes.sfselect.sflist.lua,0,0,0,True,True,True,True,function-local-readable+method-sugar
mir264,mir2.scenes.sfselect.sflistitem,D:\loym2\白猪G2.5 0518离线[必须更新]\dec\mir264_dec_还原\mir2.scenes.sfselect.sflistitem,D:\loym2\白猪G2.5_0518_lua_plain_readable_20260710_014719\mir264\mir2.scenes.sfselect.sflistitem.lua,D:\loym2\很早的原始客户端明文\mir2\mir2.scenes.sfselect.sflistitem.lua,0,0,0,True,True,True,True,function-local-readable+method-sugar
mir264,mir2.single.bzEvents,D:\loym2\白猪G2.5 0518离线[必须更新]\dec\mir264_dec_还原\mir2.single.bzEvents,D:\loym2\白猪G2.5_0518_lua_plain_readable_20260710_014719\mir264\mir2.single.bzEvents.lua,,3,0,1,True,True,True,True,function-local-readable+method-sugar
mir264,mir2.single.cache,D:\loym2\白猪G2.5 0518离线[必须更新]\dec\mir264_dec_还原\mir2.single.cache,D:\loym2\白猪G2.5_0518_lua_plain_readable_20260710_014719\mir264\mir2.single.cache.lua,D:\loym2\很早的原始客户端明文\mir2\mir2.single.cache.lua,523,0,144,True,True,True,True,function-local-readable+method-sugar
mir264,mir2.single.dynamicTileAtlas,D:\loym2\白猪G2.5 0518离线[必须更新]\dec\mir264_dec_还原\mir2.single.dynamicTileAtlas,D:\loym2\白猪G2.5_0518_lua_plain_readable_20260710_014719\mir264\mir2.single.dynamicTileAtlas.lua,D:\loym2\很早的原始客户端明文\mir2\mir2.single.dynamicTileAtlas.lua,0,0,0,True,True,True,True,function-local-readable+method-sugar
mir264,mir2.single.game,D:\loym2\白猪G2.5 0518离线[必须更新]\dec\mir264_dec_还原\mir2.single.game,D:\loym2\白猪G2.5_0518_lua_plain_readable_20260710_014719\mir264\mir2.single.game.lua,D:\loym2\很早的原始客户端明文\mir2\mir2.single.game.lua,67,0,21,True,True,True,True,function-local-readable+method-sugar
mir264,mir2.single.gameEvent,D:\loym2\白猪G2.5 0518离线[必须更新]\dec\mir264_dec_还原\mir2.single.gameEvent,D:\loym2\白猪G2.5_0518_lua_plain_readable_20260710_014719\mir264\mir2.single.gameEvent.lua,D:\loym2\很早的原始客户端明文\mir2\mir2.single.gameEvent.lua,0,0,0,True,True,True,True,function-local-readable+method-sugar
mir264,mir2.single.gplus,D:\loym2\白猪G2.5 0518离线[必须更新]\dec\mir264_dec_还原\mir2.single.gplus,D:\loym2\白猪G2.5_0518_lua_plain_readable_20260710_014719\mir264\mir2.single.gplus.lua,D:\loym2\很早的原始客户端明文\mir2\mir2.single.gplus.lua,0,0,0,True,True,True,True,function-local-readable+method-sugar
mir264,mir2.single.iap,D:\loym2\白猪G2.5 0518离线[必须更新]\dec\mir264_dec_还原\mir2.single.iap,D:\loym2\白猪G2.5_0518_lua_plain_readable_20260710_014719\mir264\mir2.single.iap.lua,D:\loym2\很早的原始客户端明文\mir2\mir2.single.iap.lua,0,0,0,True,True,True,True,function-local-readable+method-sugar
mir264,mir2.single.init,D:\loym2\白猪G2.5 0518离线[必须更新]\dec\mir264_dec_还原\mir2.single.init,D:\loym2\白猪G2.5_0518_lua_plain_readable_20260710_014719\mir264\mir2.single.init.lua,D:\loym2\很早的原始客户端明文\mir2\mir2.single.init.lua,13,0,1,True,True,True,True,function-local-readable+method-sugar
mir264,mir2.single.ipush,D:\loym2\白猪G2.5 0518离线[必须更新]\dec\mir264_dec_还原\mir2.single.ipush,D:\loym2\白猪G2.5_0518_lua_plain_readable_20260710_014719\mir264\mir2.single.ipush.lua,D:\loym2\很早的原始客户端明文\mir2\mir2.single.jpush.lua,585,0,55,True,True,True,True,function-local-readable+method-sugar
mir264,mir2.single.jpush,D:\loym2\白猪G2.5 0518离线[必须更新]\dec\mir264_dec_还原\mir2.single.jpush,D:\loym2\白猪G2.5_0518_lua_plain_readable_20260710_014719\mir264\mir2.single.jpush.lua,D:\loym2\很早的原始客户端明文\mir2\mir2.single.jpush.lua,0,0,0,True,True,True,True,function-local-readable+method-sugar
mir264,mir2.single.m2debug,D:\loym2\白猪G2.5 0518离线[必须更新]\dec\mir264_dec_还原\mir2.single.m2debug,D:\loym2\白猪G2.5_0518_lua_plain_readable_20260710_014719\mir264\mir2.single.m2debug.lua,D:\loym2\很早的原始客户端明文\mir2\mir2.single.m2debug.lua,216,0,61,True,True,True,True,function-local-readable+method-sugar
mir264,mir2.single.m2spr,D:\loym2\白猪G2.5 0518离线[必须更新]\dec\mir264_dec_还原\mir2.single.m2spr,D:\loym2\白猪G2.5_0518_lua_plain_readable_20260710_014719\mir264\mir2.single.m2spr.lua,D:\loym2\很早的原始客户端明文\mir2\mir2.single.m2spr.lua,0,0,0,True,True,True,True,function-local-readable+method-sugar
mir264,mir2.single.net,D:\loym2\白猪G2.5 0518离线[必须更新]\dec\mir264_dec_还原\mir2.single.net,D:\loym2\白猪G2.5_0518_lua_plain_readable_20260710_014719\mir264\mir2.single.net.lua,D:\loym2\很早的原始客户端明文\mir2\mir2.single.net.lua,706,0,142,True,True,True,True,function-local-readable+method-sugar
mir264,mir2.single.objpool,D:\loym2\白猪G2.5 0518离线[必须更新]\dec\mir264_dec_还原\mir2.single.objpool,D:\loym2\白猪G2.5_0518_lua_plain_readable_20260710_014719\mir264\mir2.single.objpool.lua,D:\loym2\很早的原始客户端明文\mir2\mir2.single.objpool.lua,0,0,0,True,True,True,True,function-local-readable+method-sugar
mir264,mir2.single.pic,D:\loym2\白猪G2.5 0518离线[必须更新]\dec\mir264_dec_还原\mir2.single.pic,D:\loym2\白猪G2.5_0518_lua_plain_readable_20260710_014719\mir264\mir2.single.pic.lua,D:\loym2\很早的原始客户端明文\mir2\mir2.single.pic.lua,0,0,0,True,True,True,True,function-local-readable+method-sugar
mir264,mir2.single.res,D:\loym2\白猪G2.5 0518离线[必须更新]\dec\mir264_dec_还原\mir2.single.res,D:\loym2\白猪G2.5_0518_lua_plain_readable_20260710_014719\mir264\mir2.single.res.lua,D:\loym2\很早的原始客户端明文\mir2\mir2.single.res.lua,1231,0,299,True,True,True,True,function-local-readable+method-sugar
mir264,mir2.single.sdnaPassport,D:\loym2\白猪G2.5 0518离线[必须更新]\dec\mir264_dec_还原\mir2.single.sdnaPassport,D:\loym2\白猪G2.5_0518_lua_plain_readable_20260710_014719\mir264\mir2.single.sdnaPassport.lua,D:\loym2\很早的原始客户端明文\mir2\mir2.single.sdnaPassport.lua,0,0,0,True,True,True,True,function-local-readable+method-sugar
mir264,mir2.single.sound,D:\loym2\白猪G2.5 0518离线[必须更新]\dec\mir264_dec_还原\mir2.single.sound,D:\loym2\白猪G2.5_0518_lua_plain_readable_20260710_014719\mir264\mir2.single.sound.lua,D:\loym2\很早的原始客户端明文\mir2\mir2.single.sound.lua,439,0,71,True,True,True,True,function-local-readable+method-sugar
mir264,mir2.single.viap,D:\loym2\白猪G2.5 0518离线[必须更新]\dec\mir264_dec_还原\mir2.single.viap,D:\loym2\白猪G2.5_0518_lua_plain_readable_20260710_014719\mir264\mir2.single.viap.lua,D:\loym2\很早的原始客户端明文\mir2\mir2.single.iap.lua,1571,0,357,True,True,True,True,scoped-readable+method-sugar
mir264,mir2.single.voice,D:\loym2\白猪G2.5 0518离线[必须更新]\dec\mir264_dec_还原\mir2.single.voice,D:\loym2\白猪G2.5_0518_lua_plain_readable_20260710_014719\mir264\mir2.single.voice.lua,D:\loym2\很早的原始客户端明文\mir2\mir2.single.voice.lua,478,0,92,True,True,True,True,scoped-readable+method-sugar
mir264,mir2.single.yaya,D:\loym2\白猪G2.5 0518离线[必须更新]\dec\mir264_dec_还原\mir2.single.yaya,D:\loym2\白猪G2.5_0518_lua_plain_readable_20260710_014719\mir264\mir2.single.yaya.lua,D:\loym2\很早的原始客户端明文\mir2\mir2.single.yaya.lua,0,0,0,True,True,True,True,function-local-readable+method-sugar
upt,config,D:\loym2\白猪G2.5 0518离线[必须更新]\dec\upt_dec_还原\config,D:\loym2\白猪G2.5_0518_lua_plain_readable_20260710_014719\upt\config.lua,D:\loym2\很早的原始客户端明文\upt\config.lua,0,0,0,True,True,True,True,function-local-readable+method-sugar
upt,main,D:\loym2\白猪G2.5 0518离线[必须更新]\dec\upt_dec_还原\main,D:\loym2\白猪G2.5_0518_lua_plain_readable_20260710_014719\upt\main.lua,D:\loym2\很早的原始客户端明文\upt\main.lua,7598,0,1315,True,True,True,True,scope-safe-readable-fallback
upt,upt.assetUpter,D:\loym2\白猪G2.5 0518离线[必须更新]\dec\upt_dec_还原\upt.assetUpter,D:\loym2\白猪G2.5_0518_lua_plain_readable_20260710_014719\upt\upt.assetUpter.lua,D:\loym2\很早的原始客户端明文\upt\upt.assetUpter.lua,252,0,57,True,True,True,True,function-local-readable+method-sugar
upt,upt.def,D:\loym2\白猪G2.5 0518离线[必须更新]\dec\upt_dec_还原\upt.def,D:\loym2\白猪G2.5_0518_lua_plain_readable_20260710_014719\upt\upt.def.lua,D:\loym2\很早的原始客户端明文\upt\upt.def.lua,0,0,0,True,True,True,True,function-local-readable+method-sugar
upt,upt.msgbox,D:\loym2\白猪G2.5 0518离线[必须更新]\dec\upt_dec_还原\upt.msgbox,D:\loym2\白猪G2.5_0518_lua_plain_readable_20260710_014719\upt\upt.msgbox.lua,D:\loym2\很早的原始客户端明文\upt\upt.msgbox.lua,30,0,7,True,True,True,True,function-local-readable+method-sugar
upt,upt.scene,D:\loym2\白猪G2.5 0518离线[必须更新]\dec\upt_dec_还原\upt.scene,D:\loym2\白猪G2.5_0518_lua_plain_readable_20260710_014719\upt\upt.scene.lua,D:\loym2\很早的原始客户端明文\upt\upt.scene.lua,552,0,132,True,True,True,True,function-local-readable+method-sugar
upt64,config,D:\loym2\白猪G2.5 0518离线[必须更新]\dec\upt64_dec_还原\config,D:\loym2\白猪G2.5_0518_lua_plain_readable_20260710_014719\upt64\config.lua,D:\loym2\很早的原始客户端明文\upt\config.lua,0,0,0,True,True,True,True,function-local-readable+method-sugar
upt64,main,D:\loym2\白猪G2.5 0518离线[必须更新]\dec\upt64_dec_还原\main,D:\loym2\白猪G2.5_0518_lua_plain_readable_20260710_014719\upt64\main.lua,D:\loym2\很早的原始客户端明文\upt\main.lua,7598,0,1315,True,True,True,True,scope-safe-readable-fallback
upt64,upt.assetUpter,D:\loym2\白猪G2.5 0518离线[必须更新]\dec\upt64_dec_还原\upt.assetUpter,D:\loym2\白猪G2.5_0518_lua_plain_readable_20260710_014719\upt64\upt.assetUpter.lua,D:\loym2\很早的原始客户端明文\upt\upt.assetUpter.lua,252,0,57,True,True,True,True,function-local-readable+method-sugar
upt64,upt.def,D:\loym2\白猪G2.5 0518离线[必须更新]\dec\upt64_dec_还原\upt.def,D:\loym2\白猪G2.5_0518_lua_plain_readable_20260710_014719\upt64\upt.def.lua,D:\loym2\很早的原始客户端明文\upt\upt.def.lua,0,0,0,True,True,True,True,function-local-readable+method-sugar
upt64,upt.msgbox,D:\loym2\白猪G2.5 0518离线[必须更新]\dec\upt64_dec_还原\upt.msgbox,D:\loym2\白猪G2.5_0518_lua_plain_readable_20260710_014719\upt64\upt.msgbox.lua,D:\loym2\很早的原始客户端明文\upt\upt.msgbox.lua,30,0,7,True,True,True,True,function-local-readable+method-sugar
upt64,upt.scene,D:\loym2\白猪G2.5 0518离线[必须更新]\dec\upt64_dec_还原\upt.scene,D:\loym2\白猪G2.5_0518_lua_plain_readable_20260710_014719\upt64\upt.scene.lua,D:\loym2\很早的原始客户端明文\upt\upt.scene.lua,552,0,132,True,True,True,True,function-local-readable+method-sugar
